lib,run,project,file_lib
EMW0001,2020-S4-BVZ,HMB,EMW0001
EMW0001_rep,2020-S4-BVZ,HMB,EMW0001_rep
EMW0002,2020-S4-BVZ,HMB,EMW0002
EMW0002_rep,2020-S4-BVZ,HMB,EMW0002_rep
EMW0003,2020-S4-BVZ,HMB,EMW0003
EMW0003_rep,2020-S4-BVZ,HMB,EMW0003_rep
EMW0004,2020-S4-BVZ,HMB,EMW0004
EMW0005,2020-S4-BVZ,HMB,EMW0005
EMW0006,2020-S4-BVZ,HMB,EMW0006
CMD0001,2020-S4-BVZ,HMB,CMD0001
CMB0002,2020-S4-BVZ,HMB,CMB0002
CMB0003,2020-S4-BVZ,HMB,CMB0003
CMB0004,2020-S4-BVZ,HMB,CMB0004
CMB0005,2020-S4-BVZ,HMB,CMB0005
GOL0001,2020-S4-BVZ,HMB,GOL0001
GOL0002,2020-S4-BVZ,HMB,GOL0002
GOL0003,2020-S4-BVZ,HMB,GOL0003
GOL0004,2020-S4-BVZ,HMB,GOL0004
GOL0005,2020-S4-BVZ,HMB,GOL0005
GOL0006,2020-S4-BVZ,HMB,GOL0006
GOL0007,2020-S4-BVZ,HMB,GOL0007
GOL0008,2020-S4-BVZ,HMB,GOL0008
GOL0009,2020-S4-BVZ,HMB,GOL0009
GOL0010,2020-S4-BVZ,HMB,GOL0010
GOL0011,2020-S4-BVZ,HMB,GOL0011
GOL0012,2020-S4-BVZ,HMB,GOL0012
GOL0013,2020-S4-BVZ,HMB,GOL0013
GOL0014,2020-S4-BVZ,HMB,GOL0014
GOL0015,2020-S4-BVZ,HMB,GOL0015
GOL0016,2020-S4-BVZ,HMB,GOL0016
GOL0017,2020-S4-BVZ,HMB,GOL0017
GOL0018,2020-S4-BVZ,HMB,GOL0018
GOL0019,2020-S4-BVZ,HMB,GOL0019
GOL0020,2020-S4-BVZ,HMB,GOL0020
GOL0021,2020-S4-BVZ,HMB,GOL0021
GOL0022,2020-S4-BVZ,HMB,GOL0022
GOL0023,2020-S4-BVZ,HMB,GOL0023
GOL0024,2020-S4-BVZ,HMB,GOL0024
GOL0025,2020-S4-BVZ,HMB,GOL0025
GOL0026,2020-S4-BVZ,HMB,GOL0026
GOL0027,2020-S4-BVZ,HMB,GOL0027
GOL0028,2020-S4-BVZ,HMB,GOL0028
GOL0029,2020-S4-BVZ,HMB,GOL0029
GOL0030,2020-S4-BVZ,HMB,GOL0030
GOL0031,2020-S4-BVZ,HMB,GOL0031
GOL0032,2020-S4-BVZ,HMB,GOL0032
GOL0033,2020-S4-BVZ,HMB,GOL0033
GOL0034,2020-S4-BVZ,HMB,GOL0034
GOL0035,2020-S4-BVZ,HMB,GOL0035
GOL0036,2020-S4-BVZ,HMB,GOL0036
GOL0037,2020-S4-BVZ,HMB,GOL0037
GOL0038,2020-S4-BVZ,HMB,GOL0038
GOL0039,2020-S4-BVZ,HMB,GOL0039
GOL0040,2020-S4-BVZ,HMB,GOL0040
GOL0041,2020-S4-BVZ,HMB,GOL0041
GOL0056,2020-S4-BVZ,HMB,GOL0056
GOL0057,2020-S4-BVZ,HMB,GOL0057
GOL0058,2020-S4-BVZ,HMB,GOL0058
GOL0059,2020-S4-BVZ,HMB,GOL0059
GOL0060,2020-S4-BVZ,HMB,GOL0060
NSW0001,2020-S4-BVZ,HMB,NSW0001
NSW0002,2020-S4-BVZ,HMB,NSW0002
NSW0003,2020-S4-BVZ,HMB,NSW0003
NSW0004,2020-S4-BVZ,HMB,NSW0004
NSW0005,2020-S4-BVZ,HMB,NSW0005
NSW0006,2020-S4-BVZ,HMB,NSW0006
NSW0007,2020-S4-BVZ,HMB,NSW0007
NSW0008,2020-S4-BVZ,HMB,NSW0008
NSW0009,2020-S4-BVZ,HMB,NSW0009
NSW0010,2020-S4-BVZ,HMB,NSW0010
NSW0011,2020-S4-BVZ,HMB,NSW0011
NSW0012,2020-S4-BVZ,HMB,NSW0012
NSW0013,2020-S4-BVZ,HMB,NSW0013
NSW0014,2020-S4-BVZ,HMB,NSW0014
NSW0015,2020-S4-BVZ,HMB,NSW0015
NSW0016,2020-S4-BVZ,HMB,NSW0016
NSW0017,2020-S4-BVZ,HMB,NSW0017
NSW0018,2020-S4-BVZ,HMB,NSW0018
NSW0019,2020-S4-BVZ,HMB,NSW0019
Ex3:C,2020-S4-BVZ,AS,Ex3_C
Ex2:C,2020-S4-BVZ,AS,Ex2_C
Ex1:C,2020-S4-BVZ,AS,Ex1_C
E17:10,2020-S4-BVZ,AS,E17_10
I39:3,2020-S4-BVZ,AS,I39_3
C29:10,2020-S4-BVZ,AS,C29_10
D3:13,2020-S4-BVZ,AS,D3_13
M26:12,2020-S4-BVZ,AS,M26_12
H23:19,2020-S4-BVZ,AS,H23_19
B35:15,2020-S4-BVZ,AS,B35_15
K8:15,2020-S4-BVZ,AS,K8_15
A18:10,2020-S4-BVZ,AS,A18_10
I16:10,2020-S4-BVZ,AS,I16_10
L5:15,2020-S4-BVZ,AS,L5_15
Corymbia_maculata_Arboretum_ACT_1,2020-S4-BVZ,PAN,Corymbia_maculata_Arboretum_ACT_1
Corymbia_maculata_Arboretum_ACT_2,2020-S4-BVZ,PAN,Corymbia_maculata_Arboretum_ACT_2
Eucalyptus_morrisbyi_UTAS_Campus_1,2020-S4-BVZ,PAN,Eucalyptus_morrisbyi_UTAS_Campus_1
Eucalyptus_morrisbyi_UTAS_Campus_2,2020-S4-BVZ,PAN,Eucalyptus_morrisbyi_UTAS_Campus_2
Eucalyptus_tenuipes_ANBG_1,2020-S4-BVZ,PAN,Eucalyptus_tenuipes_ANBG_1
Eucalyptus_tenuipes_ANBG_2,2020-S4-BVZ,PAN,Eucalyptus_tenuipes_ANBG_2
Eucalyptus_tricarpa_Arboretum_ACT_1,2020-S4-BVZ,PAN,Eucalyptus_tricarpa_Arboretum_ACT_1
Eucalyptus_tricarpa_Arboretum_ACT_2,2020-S4-BVZ,PAN,Eucalyptus_tricarpa_Arboretum_ACT_2
Eucalyptus_curtisii_ANBG_1,2020-S4-BVZ,PAN,Eucalyptus_curtisii_ANBG_1
Eucalyptus_curtisii_ANBG_2,2020-S4-BVZ,PAN,Eucalyptus_curtisii_ANBG_2
Eucalyptus_elata_ANBG_1,2020-S4-BVZ,PAN,Eucalyptus_elata_ANBG_1
Eucalyptus_elata_ANBG_2,2020-S4-BVZ,PAN,Eucalyptus_elata_ANBG_2
Eucalyptus_microcorys_ANBG_1,2020-S4-BVZ,PAN,Eucalyptus_microcorys_ANBG_1
Eucalyptus_microcorys_ANBG_2,2020-S4-BVZ,PAN,Eucalyptus_microcorys_ANBG_2
Eucalyptus_salubris_ANBG_1,2020-S4-BVZ,PAN,Eucalyptus_salubris_ANBG_1
Eucalyptus_salubris_ANBG_2,2020-S4-BVZ,PAN,Eucalyptus_salubris_ANBG_2
Corymbia_calophylla_ANBG_1,2020-S4-BVZ,PAN,Corymbia_calophylla_ANBG_1
Corymbia_calophylla_ANBG_2,2020-S4-BVZ,PAN,Corymbia_calophylla_ANBG_2
Eucalyptus_camadulensis_ANBG_1,2020-S4-BVZ,PAN,Eucalyptus_camadulensis_ANBG_1
Eucalyptus_camadulensis_ANBG_2,2020-S4-BVZ,PAN,Eucalyptus_camadulensis_ANBG_2
Eucalyptus_cloezania_ANBG_1,2020-S4-BVZ,PAN,Eucalyptus_cloezania_ANBG_1
Eucalyptus_cloezania_ANBG_2,2020-S4-BVZ,PAN,Eucalyptus_cloezania_ANBG_2
Eucalyptus_erythrocorys_ANBG_1,2020-S4-BVZ,PAN,Eucalyptus_erythrocorys_ANBG_1
Eucalyptus_erythrocorys_ANBG_2,2020-S4-BVZ,PAN,Eucalyptus_erythrocorys_ANBG_2
Eucalyptus_melliodora_1,2020-S4-BVZ,PAN,Eucalyptus_melliodora_1
Eucalyptus_melliodora_2,2020-S4-BVZ,PAN,Eucalyptus_melliodora_2
Eucalyptus_marginata_ANBG_1,2020-S4-BVZ,PAN,Eucalyptus_marginata_ANBG_1
Eucalyptus_marginata_ANBG_2,2020-S4-BVZ,PAN,Eucalyptus_marginata_ANBG_2
Eucalyptus_albens_ANBG_1,2020-S4-BVZ,PAN,Eucalyptus_albens_ANBG_1
Eucalyptus_albens_ANBG_2,2020-S4-BVZ,PAN,Eucalyptus_albens_ANBG_2
Eucalyptus_viminalis_Tasmanian_Herbarium_1,2020-S4-BVZ,PAN,Eucalyptus_viminalis_Tasmanian_Herbarium_1
Eucalyptus_viminalis_Tasmanian_Herbarium_2,2020-S4-BVZ,PAN,Eucalyptus_viminalis_Tasmanian_Herbarium_2
Eucalyptus_sideroxylon_ANBG_1,2020-S4-BVZ,PAN,Eucalyptus_sideroxylon_ANBG_1
Eucalyptus_sideroxylon_ANBG_2,2020-S4-BVZ,PAN,Eucalyptus_sideroxylon_ANBG_2
Eucalyptus_globulus_UTAS_Campus_1,2020-S4-BVZ,PAN,Eucalyptus_globulus_UTAS_Campus_1
Eucalyptus_globulus_UTAS_Campus_2,2020-S4-BVZ,PAN,Eucalyptus_globulus_UTAS_Campus_2
A._acuminata_ANBG_1,2020-S4-BVZ,PAN,A_acuminata_ANBG_1
A._acuminata_ANBG_2,2020-S4-BVZ,PAN,A_acuminata_ANBG_2
Angophora_floribunda_ANU_Banks_Building_1,2020-S4-BVZ,PAN,Angophora_floribunda_ANU_Banks_Building_1
Angophora_floribunda_ANU_Banks_Building_2,2020-S4-BVZ,PAN,Angophora_floribunda_ANU_Banks_Building_2
"E._regnans_""Centurion""_1",2020-S4-BVZ,PAN,E_regnans_Centurion_1
"E._regnans_""Centurion""_2",2020-S4-BVZ,PAN,E_regnans_Centurion_2
E._relicta_Whicher_1,2020-S4-BVZ,PAN,E_relicta_Whicher_1
E._relicta_Whicher_2,2020-S4-BVZ,PAN,E_relicta_Whicher_2
E._patens_1,2020-S4-BVZ,PAN,E_patens_1
E._patens_2,2020-S4-BVZ,PAN,E_patens_2
E._pyriformis_1,2020-S4-BVZ,PAN,E_pyriformis_1
E._pyriformis_2,2020-S4-BVZ,PAN,E_pyriformis_2
E._leucophloia_1,2020-S4-BVZ,PAN,E_leucophloia_1
E._leucophloia_2,2020-S4-BVZ,PAN,E_leucophloia_2
E._gomphocephala_1,2020-S4-BVZ,PAN,E_gomphocephala_1
E._gomphocephala_2,2020-S4-BVZ,PAN,E_gomphocephala_2
E._pumila_1,2020-S4-BVZ,PAN,E_pumila_1
E._pumila_2,2020-S4-BVZ,PAN,E_pumila_2
E._cladocalyx_1,2020-S4-BVZ,PAN,E_cladocalyx_1
E._cladocalyx_2,2020-S4-BVZ,PAN,E_cladocalyx_2
E._pterocarpa_1,2020-S4-BVZ,PAN,E_pterocarpa_1
E._pterocarpa_2,2020-S4-BVZ,PAN,E_pterocarpa_2
E._laeliae_1,2020-S4-BVZ,PAN,E_laeliae_1
E._laeliae_2,2020-S4-BVZ,PAN,E_laeliae_2
E._scyphocalyx_1,2020-S4-BVZ,PAN,E_scyphocalyx_1
E._scyphocalyx_2,2020-S4-BVZ,PAN,E_scyphocalyx_2
E._diversifolia_1,2020-S4-BVZ,PAN,E_diversifolia_1
E._diversifolia_2,2020-S4-BVZ,PAN,E_diversifolia_2
E._desmondensis_1,2020-S4-BVZ,PAN,E_desmondensis_1
E._desmondensis_2,2020-S4-BVZ,PAN,E_desmondensis_2
E._brandiana_1,2020-S4-BVZ,PAN,E_brandiana_1
E._brandiana_2,2020-S4-BVZ,PAN,E_brandiana_2
E._grandis_1,2020-S4-BVZ,PAN,E_grandis_1
E._grandis_2,2020-S4-BVZ,PAN,E_grandis_2
E._virginea_1,2020-S4-BVZ,PAN,E_virginea_1
E._virginea_2,2020-S4-BVZ,PAN,E_virginea_2
E._decipiens_1,2020-S4-BVZ,PAN,E_decipiens_1
E._decipiens_2,2020-S4-BVZ,PAN,E_decipiens_2
E._coolabah_1,2020-S4-BVZ,PAN,E_coolabah_1
E._coolabah_2,2020-S4-BVZ,PAN,E_coolabah_2
A._melanoxylon_1,2020-S4-BVZ,PAN,A_melanoxylon_1
A._melanoxylon_2,2020-S4-BVZ,PAN,A_melanoxylon_2
E._ovata_2,2020-S4-BVZ,PAN,E_ovata_2
A._dealbata_1,2020-S4-BVZ,PAN,A_dealbata_1
A._dealbata_2,2020-S4-BVZ,PAN,A_dealbata_2
E._ovata_1,2020-S4-BVZ,PAN,E_ovata_1
O._australiensis_-_300131_(VR)_1,2020-S4-BVZ,PAN,O_australiensis_-_300131_VR_1
O._australiensis_-_300131_(VR)_2,2020-S4-BVZ,PAN,O_australiensis_-_300131_VR_2
O._meridionalis_(BH)_1,2020-S4-BVZ,PAN,O_meridionalis_BH_1
O._meridionalis_(BH)_2,2020-S4-BVZ,PAN,O_meridionalis_BH_2
O._sativa_-_Javanica_1,2020-S4-BVZ,PAN,O_sativa_-_Javanica_1
O._sativa_-_Javanica_2,2020-S4-BVZ,PAN,O_sativa_-_Javanica_2
O._australiensis_-_Keep_River_1,2020-S4-BVZ,PAN,O_australiensis_-_Keep_River_1
O._australiensis_-_Keep_River_2,2020-S4-BVZ,PAN,O_australiensis_-_Keep_River_2
O._australiensis_-_300134_(CH)_1,2020-S4-BVZ,PAN,O_australiensis_-_300134_CH_1
O._australiensis_-_300134_(CH)_2,2020-S4-BVZ,PAN,O_australiensis_-_300134_CH_2
O._australiensis_-_300137_(D)_1,2020-S4-BVZ,PAN,O_australiensis_-_300137_D_1
O._australiensis_-_300137_(D)_2,2020-S4-BVZ,PAN,O_australiensis_-_300137_D_2
J296,2020-S4-BVZ,DP15,J296
J406,2020-S4-BVZ,DP15,J406
J395,2020-S4-BVZ,DP15,J395
J364,2020-S4-BVZ,DP15,J364
J383,2020-S4-BVZ,DP15,J383
J330,2020-S4-BVZ,DP15,J330
J311,2020-S4-BVZ,DP15,J311
J334,2020-S4-BVZ,DP15,J334
J370,2020-S4-BVZ,DP15,J370
J327,2020-S4-BVZ,DP15,J327
J310,2020-S4-BVZ,DP15,J310
J298,2020-S4-BVZ,DP15,J298
J371,2020-S4-BVZ,DP15,J371
J349,2020-S4-BVZ,DP15,J349
J321g,2020-S4-BVZ,DP15,J321g
J393,2020-S4-BVZ,DP15,J393
J344,2020-S4-BVZ,DP15,J344
j315,2020-S4-BVZ,DP15,j315
J423,2020-S4-BVZ,DP15,J423
J398,2020-S4-BVZ,DP15,J398
J400,2020-S4-BVZ,DP15,J400
J335,2020-S4-BVZ,DP15,J335
J373,2020-S4-BVZ,DP15,J373
J319,2020-S4-BVZ,DP15,J319
J320,2020-S4-BVZ,DP15,J320
J342,2020-S4-BVZ,DP15,J342
J328,2020-S4-BVZ,DP15,J328
J392,2020-S4-BVZ,DP15,J392
J374,2020-S4-BVZ,DP15,J374
J294,2020-S4-BVZ,DP15,J294
J350,2020-S4-BVZ,DP15,J350
J379,2020-S4-BVZ,DP15,J379
J367i,2020-S4-BVZ,DP15,J367i
VMA18,2020-S4-BVZ,DP15,VMA18
J417,2020-S4-BVZ,DP15,J417
J351,2020-S4-BVZ,DP15,J351
J348,2020-S4-BVZ,DP15,J348
J360,2020-S4-BVZ,DP15,J360
J353,2020-S4-BVZ,DP15,J353
J416,2020-S4-BVZ,DP15,J416
J363,2020-S4-BVZ,DP15,J363
J432,2020-S4-BVZ,DP15,J432
J322,2020-S4-BVZ,DP15,J322
J372,2020-S4-BVZ,DP15,J372
J427,2020-S4-BVZ,DP15,J427
J404,2020-S4-BVZ,DP15,J404
J358,2020-S4-BVZ,DP15,J358
J329,2020-S4-BVZ,DP15,J329
J316,2020-S4-BVZ,DP15,J316
J419,2020-S4-BVZ,DP15,J419
J333,2020-S4-BVZ,DP15,J333
J411,2020-S4-BVZ,DP15,J411
J365,2020-S4-BVZ,DP15,J365
J324,2020-S4-BVZ,DP15,J324
J307,2020-S4-BVZ,DP15,J307
J387,2020-S4-BVZ,DP15,J387
J338,2020-S4-BVZ,DP15,J338
J401,2020-S4-BVZ,DP15,J401
J355b,2020-S4-BVZ,DP15,J355b
J343,2020-S4-BVZ,DP15,J343
J405,2020-S4-BVZ,DP15,J405
J414,2020-S4-BVZ,DP15,J414
J339,2020-S4-BVZ,DP15,J339
RA1006,2020-S4-BVZ,DP15,RA1006
J359,2020-S4-BVZ,DP15,J359
J367,2020-S4-BVZ,DP15,J367
J345,2020-S4-BVZ,DP15,J345
J317,2020-S4-BVZ,DP15,J317
J366,2020-S4-BVZ,DP15,J366
J357,2020-S4-BVZ,DP15,J357
J385,2020-S4-BVZ,DP15,J385
J431,2020-S4-BVZ,DP15,J431
J376,2020-S4-BVZ,DP15,J376
J362,2020-S4-BVZ,DP15,J362
J421,2020-S4-BVZ,DP15,J421
J355,2020-S4-BVZ,DP15,J355
J347,2020-S4-BVZ,DP15,J347
J418,2020-S4-BVZ,DP15,J418
J407,2020-S4-BVZ,DP15,J407
TLC720,2020-S4-BVZ,DP15,TLC720
J366,2020-S4-BVZ,DP15,J366
J361,2020-S4-BVZ,DP15,J361
TLC726,2020-S4-BVZ,DP15,TLC726
J333a,2020-S4-BVZ,DP15,J333a
J402,2020-S4-BVZ,DP15,J402
J413,2020-S4-BVZ,DP15,J413
J375,2020-S4-BVZ,DP15,J375
J435d,2020-S4-BVZ,DP15,J435d
J331,2020-S4-BVZ,DP15,J331
FDK10,2020-S4-BVZ,DP15,FDK10
J368,2020-S4-BVZ,DP15,J368
Gund21,2020-S4-BVZ,DP15,Gund21
J427a,2020-S4-BVZ,DP15,J427a
J377,2020-S4-BVZ,DP15,J377
J326,2020-S4-BVZ,DP15,J326
J365,2020-S4-BVZ,DP15,J365
J381,2020-S4-BVZ,DP15,J381
Gund24,2020-S4-BVZ,DP15,Gund24
J405,2020-S4-BVZ,DP15,J405
J386,2020-S4-BVZ,DP15,J386
J433a,2020-S4-BVZ,DP15,J433a
J346,2020-S4-BVZ,DP15,J346
J424,2020-S4-BVZ,DP15,J424
J403,2020-S4-BVZ,DP15,J403
Gund15,2020-S4-BVZ,DP15,Gund15
J340,2020-S4-BVZ,DP15,J340
J426,2020-S4-BVZ,DP15,J426
J388F,2020-S4-BVZ,DP15,J388F
J389,2020-S4-BVZ,DP15,J389
J412,2020-S4-BVZ,DP15,J412
J341,2020-S4-BVZ,DP15,J341
Gund22,2020-S4-BVZ,DP15,Gund22
VWG14,2020-S4-BVZ,DP15,VWG14
J382A,2020-S4-BVZ,DP15,J382A
J434a,2020-S4-BVZ,DP15,J434a
J404,2020-S4-BVZ,DP15,J404
J420,2020-S4-BVZ,DP15,J420
J406,2020-S4-BVZ,DP15,J406
Gund16,2020-S4-BVZ,DP15,Gund16
J399,2020-S4-BVZ,DP15,J399
TLC775,2020-S4-BVZ,DP15,TLC775
J428d,2020-S4-BVZ,DP15,J428d
J303,2020-S4-BVZ,DP15,J303
J422,2020-S4-BVZ,DP15,J422
J327,2020-S4-BVZ,DP15,J327
Gund26,2020-S4-BVZ,DP15,Gund26
J369,2020-S4-BVZ,DP15,J369
J437,2020-S4-BVZ,DP15,J437
J436d,2020-S4-BVZ,DP15,J436d
NE90535,2020-S4-BVZ,DP15,NE90535
J318,2020-S4-BVZ,DP15,J318
J402,2020-S4-BVZ,DP15,J402
Gund23,2020-S4-BVZ,DP15,Gund23
TLC715,2020-S4-BVZ,DP15,TLC715
J429f,2020-S4-BVZ,DP15,J429f
J354,2020-S4-BVZ,DP15,J354
J425i,2020-S4-BVZ,DP15,J425i
J438,2020-S4-BVZ,DP15,J438
J342,2020-S4-BVZ,DP15,J342
J301,2020-S4-BVZ,DP15,J301
J390,2020-S4-BVZ,DP15,J390
J408,2020-S4-BVZ,DP15,J408
J347,2020-S4-BVZ,DP15,J347
J394g,2020-S4-BVZ,DP15,J394g
TLC725,2020-S4-BVZ,DP15,TLC725
NA,NA,NA,Anna_blank1
NA,NA,NA,Anna_blank2
NA,NA,NA,Blank
NA,NA,NA,NCT_blank
NA,NA,NA,pan_blank1
NA,NA,NA,pan_blank2
NA,NA,NA,rosekev_blank1
NA,NA,NA,rose_kev_blank2
NA,NA,NA,rose_kev_blank3
