"lib","run","project"
"EMW0001","2020-S4-BVZ","HMB"
"EMW0001_rep","2020-S4-BVZ","HMB"
"EMW0002","2020-S4-BVZ","HMB"
"EMW0002_rep","2020-S4-BVZ","HMB"
"EMW0003","2020-S4-BVZ","HMB"
"EMW0003_rep","2020-S4-BVZ","HMB"
"EMW0004","2020-S4-BVZ","HMB"
"EMW0005","2020-S4-BVZ","HMB"
"EMW0006","2020-S4-BVZ","HMB"
"CMD0001","2020-S4-BVZ","HMB"
"CMB0002","2020-S4-BVZ","HMB"
"CMB0003","2020-S4-BVZ","HMB"
"CMB0004","2020-S4-BVZ","HMB"
"CMB0005","2020-S4-BVZ","HMB"
"GOL0001","2020-S4-BVZ","HMB"
"GOL0002","2020-S4-BVZ","HMB"
"GOL0003","2020-S4-BVZ","HMB"
"GOL0004","2020-S4-BVZ","HMB"
"GOL0005","2020-S4-BVZ","HMB"
"GOL0006","2020-S4-BVZ","HMB"
"GOL0007","2020-S4-BVZ","HMB"
"GOL0008","2020-S4-BVZ","HMB"
"GOL0009","2020-S4-BVZ","HMB"
"GOL0010","2020-S4-BVZ","HMB"
"GOL0011","2020-S4-BVZ","HMB"
"GOL0012","2020-S4-BVZ","HMB"
"GOL0013","2020-S4-BVZ","HMB"
"GOL0014","2020-S4-BVZ","HMB"
"GOL0015","2020-S4-BVZ","HMB"
"GOL0016","2020-S4-BVZ","HMB"
"GOL0017","2020-S4-BVZ","HMB"
"GOL0018","2020-S4-BVZ","HMB"
"GOL0019","2020-S4-BVZ","HMB"
"GOL0020","2020-S4-BVZ","HMB"
"GOL0021","2020-S4-BVZ","HMB"
"GOL0022","2020-S4-BVZ","HMB"
"GOL0023","2020-S4-BVZ","HMB"
"GOL0024","2020-S4-BVZ","HMB"
"GOL0025","2020-S4-BVZ","HMB"
"GOL0026","2020-S4-BVZ","HMB"
"GOL0027","2020-S4-BVZ","HMB"
"GOL0028","2020-S4-BVZ","HMB"
"GOL0029","2020-S4-BVZ","HMB"
"GOL0030","2020-S4-BVZ","HMB"
"GOL0031","2020-S4-BVZ","HMB"
"GOL0032","2020-S4-BVZ","HMB"
"GOL0033","2020-S4-BVZ","HMB"
"GOL0034","2020-S4-BVZ","HMB"
"GOL0035","2020-S4-BVZ","HMB"
"GOL0036","2020-S4-BVZ","HMB"
"GOL0037","2020-S4-BVZ","HMB"
"GOL0038","2020-S4-BVZ","HMB"
"GOL0039","2020-S4-BVZ","HMB"
"GOL0040","2020-S4-BVZ","HMB"
"GOL0041","2020-S4-BVZ","HMB"
"GOL0056","2020-S4-BVZ","HMB"
"GOL0057","2020-S4-BVZ","HMB"
"GOL0058","2020-S4-BVZ","HMB"
"GOL0059","2020-S4-BVZ","HMB"
"GOL0060","2020-S4-BVZ","HMB"
"NSW0001","2020-S4-BVZ","HMB"
"NSW0002","2020-S4-BVZ","HMB"
"NSW0003","2020-S4-BVZ","HMB"
"NSW0004","2020-S4-BVZ","HMB"
"NSW0005","2020-S4-BVZ","HMB"
"NSW0006","2020-S4-BVZ","HMB"
"NSW0007","2020-S4-BVZ","HMB"
"NSW0008","2020-S4-BVZ","HMB"
"NSW0009","2020-S4-BVZ","HMB"
"NSW0010","2020-S4-BVZ","HMB"
"NSW0011","2020-S4-BVZ","HMB"
"NSW0012","2020-S4-BVZ","HMB"
"NSW0013","2020-S4-BVZ","HMB"
"NSW0014","2020-S4-BVZ","HMB"
"NSW0015","2020-S4-BVZ","HMB"
"NSW0016","2020-S4-BVZ","HMB"
"NSW0017","2020-S4-BVZ","HMB"
"NSW0018","2020-S4-BVZ","HMB"
"NSW0019","2020-S4-BVZ","HMB"
"Ex3:C","2020-S4-BVZ","AS"
"Ex2:C","2020-S4-BVZ","AS"
"Ex1:C","2020-S4-BVZ","AS"
"E17:10","2020-S4-BVZ","AS"
"I39:3","2020-S4-BVZ","AS"
"C29:10","2020-S4-BVZ","AS"
"D3:13","2020-S4-BVZ","AS"
"M26:12","2020-S4-BVZ","AS"
"H23:19","2020-S4-BVZ","AS"
"B35:15","2020-S4-BVZ","AS"
"K8:15","2020-S4-BVZ","AS"
"A18:10","2020-S4-BVZ","AS"
"I16:10","2020-S4-BVZ","AS"
"L5:15","2020-S4-BVZ","AS"
"Corymbia_maculata_Arboretum_ACT_1","2020-S4-BVZ","PAN"
"Corymbia_maculata_Arboretum_ACT_2","2020-S4-BVZ","PAN"
"Eucalyptus_morrisbyi_UTAS_Campus_1","2020-S4-BVZ","PAN"
"Eucalyptus_morrisbyi_UTAS_Campus_2","2020-S4-BVZ","PAN"
"Eucalyptus_tenuipes_ANBG_1","2020-S4-BVZ","PAN"
"Eucalyptus_tenuipes_ANBG_2","2020-S4-BVZ","PAN"
"Eucalyptus_tricarpa_Arboretum_ACT_1","2020-S4-BVZ","PAN"
"Eucalyptus_tricarpa_Arboretum_ACT_2","2020-S4-BVZ","PAN"
"Eucalyptus_curtisii_ANBG_1","2020-S4-BVZ","PAN"
"Eucalyptus_curtisii_ANBG_2","2020-S4-BVZ","PAN"
"Eucalyptus_elata_ANBG_1","2020-S4-BVZ","PAN"
"Eucalyptus_elata_ANBG_2","2020-S4-BVZ","PAN"
"Eucalyptus_microcorys_ANBG_1","2020-S4-BVZ","PAN"
"Eucalyptus_microcorys_ANBG_2","2020-S4-BVZ","PAN"
"Eucalyptus_salubris_ANBG_1","2020-S4-BVZ","PAN"
"Eucalyptus_salubris_ANBG_2","2020-S4-BVZ","PAN"
"Corymbia_calophylla_ANBG_1","2020-S4-BVZ","PAN"
"Corymbia_calophylla_ANBG_2","2020-S4-BVZ","PAN"
"Eucalyptus_camadulensis_ANBG_1","2020-S4-BVZ","PAN"
"Eucalyptus_camadulensis_ANBG_2","2020-S4-BVZ","PAN"
"Eucalyptus_cloezania_ANBG_1","2020-S4-BVZ","PAN"
"Eucalyptus_cloezania_ANBG_2","2020-S4-BVZ","PAN"
"Eucalyptus_erythrocorys_ANBG_1","2020-S4-BVZ","PAN"
"Eucalyptus_erythrocorys_ANBG_2","2020-S4-BVZ","PAN"
"Eucalyptus_melliodora_1","2020-S4-BVZ","PAN"
"Eucalyptus_melliodora_2","2020-S4-BVZ","PAN"
"Eucalyptus_marginata_ANBG_1","2020-S4-BVZ","PAN"
"Eucalyptus_marginata_ANBG_2","2020-S4-BVZ","PAN"
"Eucalyptus_albens_ANBG_1","2020-S4-BVZ","PAN"
"Eucalyptus_albens_ANBG_2","2020-S4-BVZ","PAN"
"Eucalyptus_viminalis_Tasmanian_Herbarium_1","2020-S4-BVZ","PAN"
"Eucalyptus_viminalis_Tasmanian_Herbarium_2","2020-S4-BVZ","PAN"
"Eucalyptus_sideroxylon_ANBG_1","2020-S4-BVZ","PAN"
"Eucalyptus_sideroxylon_ANBG_2","2020-S4-BVZ","PAN"
"Eucalyptus_globulus_UTAS_Campus_1","2020-S4-BVZ","PAN"
"Eucalyptus_globulus_UTAS_Campus_2","2020-S4-BVZ","PAN"
"A._acuminata_ANBG_1","2020-S4-BVZ","PAN"
"A._acuminata_ANBG_2","2020-S4-BVZ","PAN"
"Angophora_floribunda_ANU_Banks_Building_1","2020-S4-BVZ","PAN"
"Angophora_floribunda_ANU_Banks_Building_2","2020-S4-BVZ","PAN"
"E._regnans_""Centurion""_1","2020-S4-BVZ","PAN"
"E._regnans_""Centurion""_2","2020-S4-BVZ","PAN"
"E._relicta_Whicher_1","2020-S4-BVZ","PAN"
"E._relicta_Whicher_2","2020-S4-BVZ","PAN"
"E._patens_1","2020-S4-BVZ","PAN"
"E._patens_2","2020-S4-BVZ","PAN"
"E._pyriformis_1","2020-S4-BVZ","PAN"
"E._pyriformis_2","2020-S4-BVZ","PAN"
"E._leucophloia_1","2020-S4-BVZ","PAN"
"E._leucophloia_2","2020-S4-BVZ","PAN"
"E._gomphocephala_1","2020-S4-BVZ","PAN"
"E._gomphocephala_2","2020-S4-BVZ","PAN"
"E._pumila_1","2020-S4-BVZ","PAN"
"E._pumila_2","2020-S4-BVZ","PAN"
"E._cladocalyx_1","2020-S4-BVZ","PAN"
"E._cladocalyx_2","2020-S4-BVZ","PAN"
"E._pterocarpa_1","2020-S4-BVZ","PAN"
"E._pterocarpa_2","2020-S4-BVZ","PAN"
"E._laeliae_1","2020-S4-BVZ","PAN"
"E._laeliae_2","2020-S4-BVZ","PAN"
"E._scyphocalyx_1","2020-S4-BVZ","PAN"
"E._scyphocalyx_2","2020-S4-BVZ","PAN"
"E._diversifolia_1","2020-S4-BVZ","PAN"
"E._diversifolia_2","2020-S4-BVZ","PAN"
"E._desmondensis_1","2020-S4-BVZ","PAN"
"E._desmondensis_2","2020-S4-BVZ","PAN"
"E._brandiana_1","2020-S4-BVZ","PAN"
"E._brandiana_2","2020-S4-BVZ","PAN"
"E._grandis_1","2020-S4-BVZ","PAN"
"E._grandis_2","2020-S4-BVZ","PAN"
"E._virginea_1","2020-S4-BVZ","PAN"
"E._virginea_2","2020-S4-BVZ","PAN"
"E._decipiens_1","2020-S4-BVZ","PAN"
"E._decipiens_2","2020-S4-BVZ","PAN"
"E._coolabah_1","2020-S4-BVZ","PAN"
"E._coolabah_2","2020-S4-BVZ","PAN"
"A._melanoxylon_1","2020-S4-BVZ","PAN"
"A._melanoxylon_2","2020-S4-BVZ","PAN"
"E._ovata_2","2020-S4-BVZ","PAN"
"A._dealbata_1","2020-S4-BVZ","PAN"
"A._dealbata_2","2020-S4-BVZ","PAN"
"E._ovata_1","2020-S4-BVZ","PAN"
"O._australiensis_-_300131_(VR)_1","2020-S4-BVZ","PAN"
"O._australiensis_-_300131_(VR)_2","2020-S4-BVZ","PAN"
"O._meridionalis_(BH)_1","2020-S4-BVZ","PAN"
"O._meridionalis_(BH)_2","2020-S4-BVZ","PAN"
"O._sativa_-_Javanica_1","2020-S4-BVZ","PAN"
"O._sativa_-_Javanica_2","2020-S4-BVZ","PAN"
"O._australiensis_-_Keep_River_1","2020-S4-BVZ","PAN"
"O._australiensis_-_Keep_River_2","2020-S4-BVZ","PAN"
"O._australiensis_-_300134_(CH)_1","2020-S4-BVZ","PAN"
"O._australiensis_-_300134_(CH)_2","2020-S4-BVZ","PAN"
"O._australiensis_-_300137_(D)_1","2020-S4-BVZ","PAN"
"O._australiensis_-_300137_(D)_2","2020-S4-BVZ","PAN"
"J296","2020-S4-BVZ","DP15"
"J406","2020-S4-BVZ","DP15"
"J395","2020-S4-BVZ","DP15"
"J364","2020-S4-BVZ","DP15"
"J383","2020-S4-BVZ","DP15"
"J330","2020-S4-BVZ","DP15"
"J311","2020-S4-BVZ","DP15"
"J334","2020-S4-BVZ","DP15"
"J370","2020-S4-BVZ","DP15"
"J327","2020-S4-BVZ","DP15"
"J310","2020-S4-BVZ","DP15"
"J298","2020-S4-BVZ","DP15"
"J371","2020-S4-BVZ","DP15"
"J349","2020-S4-BVZ","DP15"
"J321g","2020-S4-BVZ","DP15"
"J393","2020-S4-BVZ","DP15"
"J344","2020-S4-BVZ","DP15"
"j315","2020-S4-BVZ","DP15"
"J423","2020-S4-BVZ","DP15"
"J398","2020-S4-BVZ","DP15"
"J400","2020-S4-BVZ","DP15"
"J335","2020-S4-BVZ","DP15"
"J373","2020-S4-BVZ","DP15"
"J319","2020-S4-BVZ","DP15"
"J320","2020-S4-BVZ","DP15"
"J342","2020-S4-BVZ","DP15"
"J328","2020-S4-BVZ","DP15"
"J392","2020-S4-BVZ","DP15"
"J374","2020-S4-BVZ","DP15"
"J294","2020-S4-BVZ","DP15"
"J350","2020-S4-BVZ","DP15"
"J379","2020-S4-BVZ","DP15"
"J367i","2020-S4-BVZ","DP15"
"VMA18","2020-S4-BVZ","DP15"
"J417","2020-S4-BVZ","DP15"
"J351","2020-S4-BVZ","DP15"
"J348","2020-S4-BVZ","DP15"
"J360","2020-S4-BVZ","DP15"
"J353","2020-S4-BVZ","DP15"
"J416","2020-S4-BVZ","DP15"
"J363","2020-S4-BVZ","DP15"
"J432","2020-S4-BVZ","DP15"
"J322","2020-S4-BVZ","DP15"
"J372","2020-S4-BVZ","DP15"
"J427","2020-S4-BVZ","DP15"
"J404","2020-S4-BVZ","DP15"
"J358","2020-S4-BVZ","DP15"
"J329","2020-S4-BVZ","DP15"
"J316","2020-S4-BVZ","DP15"
"J419","2020-S4-BVZ","DP15"
"J333","2020-S4-BVZ","DP15"
"J411","2020-S4-BVZ","DP15"
"J365","2020-S4-BVZ","DP15"
"J324","2020-S4-BVZ","DP15"
"J307","2020-S4-BVZ","DP15"
"J387","2020-S4-BVZ","DP15"
"J338","2020-S4-BVZ","DP15"
"J401","2020-S4-BVZ","DP15"
"J355b","2020-S4-BVZ","DP15"
"J343","2020-S4-BVZ","DP15"
"J405","2020-S4-BVZ","DP15"
"J414","2020-S4-BVZ","DP15"
"J339","2020-S4-BVZ","DP15"
"RA1006","2020-S4-BVZ","DP15"
"J359","2020-S4-BVZ","DP15"
"J367","2020-S4-BVZ","DP15"
"J345","2020-S4-BVZ","DP15"
"J317","2020-S4-BVZ","DP15"
"J366","2020-S4-BVZ","DP15"
"J357","2020-S4-BVZ","DP15"
"J385","2020-S4-BVZ","DP15"
"J431","2020-S4-BVZ","DP15"
"J376","2020-S4-BVZ","DP15"
"J362","2020-S4-BVZ","DP15"
"J421","2020-S4-BVZ","DP15"
"J355","2020-S4-BVZ","DP15"
"J347","2020-S4-BVZ","DP15"
"J418","2020-S4-BVZ","DP15"
"J407","2020-S4-BVZ","DP15"
"TLC720","2020-S4-BVZ","DP15"
"J366","2020-S4-BVZ","DP15"
"J361","2020-S4-BVZ","DP15"
"TLC726","2020-S4-BVZ","DP15"
"J333a","2020-S4-BVZ","DP15"
"J402","2020-S4-BVZ","DP15"
"J413","2020-S4-BVZ","DP15"
"J375","2020-S4-BVZ","DP15"
"J435d","2020-S4-BVZ","DP15"
"J331","2020-S4-BVZ","DP15"
"FDK10","2020-S4-BVZ","DP15"
"J368","2020-S4-BVZ","DP15"
"Gund21","2020-S4-BVZ","DP15"
"J427a","2020-S4-BVZ","DP15"
"J377","2020-S4-BVZ","DP15"
"J326","2020-S4-BVZ","DP15"
"J365","2020-S4-BVZ","DP15"
"J381","2020-S4-BVZ","DP15"
"Gund24","2020-S4-BVZ","DP15"
"J405","2020-S4-BVZ","DP15"
"J386","2020-S4-BVZ","DP15"
"J433a","2020-S4-BVZ","DP15"
"J346","2020-S4-BVZ","DP15"
"J424","2020-S4-BVZ","DP15"
"J403","2020-S4-BVZ","DP15"
"Gund15","2020-S4-BVZ","DP15"
"J340","2020-S4-BVZ","DP15"
"J426","2020-S4-BVZ","DP15"
"J388F","2020-S4-BVZ","DP15"
"J389","2020-S4-BVZ","DP15"
"J412","2020-S4-BVZ","DP15"
"J341","2020-S4-BVZ","DP15"
"Gund22","2020-S4-BVZ","DP15"
"VWG14","2020-S4-BVZ","DP15"
"J382A","2020-S4-BVZ","DP15"
"J434a","2020-S4-BVZ","DP15"
"J404","2020-S4-BVZ","DP15"
"J420","2020-S4-BVZ","DP15"
"J406","2020-S4-BVZ","DP15"
"Gund16","2020-S4-BVZ","DP15"
"J399","2020-S4-BVZ","DP15"
"TLC775","2020-S4-BVZ","DP15"
"J428d","2020-S4-BVZ","DP15"
"J303","2020-S4-BVZ","DP15"
"J422","2020-S4-BVZ","DP15"
"J327","2020-S4-BVZ","DP15"
"Gund26","2020-S4-BVZ","DP15"
"J369","2020-S4-BVZ","DP15"
"J437","2020-S4-BVZ","DP15"
"J436d","2020-S4-BVZ","DP15"
"NE90535","2020-S4-BVZ","DP15"
"J318","2020-S4-BVZ","DP15"
"J402","2020-S4-BVZ","DP15"
"Gund23","2020-S4-BVZ","DP15"
"TLC715","2020-S4-BVZ","DP15"
"J429f","2020-S4-BVZ","DP15"
"J354","2020-S4-BVZ","DP15"
"J425i","2020-S4-BVZ","DP15"
"J438","2020-S4-BVZ","DP15"
"J342","2020-S4-BVZ","DP15"
"J301","2020-S4-BVZ","DP15"
"J390","2020-S4-BVZ","DP15"
"J408","2020-S4-BVZ","DP15"
"J347","2020-S4-BVZ","DP15"
"J394g","2020-S4-BVZ","DP15"
"TLC725","2020-S4-BVZ","DP15"
