run,library,sample,Include
BGI_LB1,LBM01A02,LBM01A02,Y
BGI_LB1,LBM01A03,LBM01A03,Y
BGI_LB1,LBM01A09,LBM01A09,Y
BGI_LB1,LBM01A12,LBM01A12,Y
BGI_LB1,LBM01B01,LBM01B01,Y
BGI_LB1,LBM01B02,LBM01B02,Y
BGI_LB1,LBM01B03,LBM01B03,Y
BGI_LB1,LBM01B05,LBM01B05,Y
BGI_LB1,LBM01B06,LBM01B06,Y
BGI_LB1,LBM01B07,LBM01B07,Y
BGI_LB1,LBM01B08,LBM01B08,Y
BGI_LB1,LBM01B09,LBM01B09,Y
BGI_LB1,LBM01B10,LBM01B10,Y
BGI_LB1,LBM01B12,LBM01B12,Y
BGI_LB1,LBM01C01,LBM01C01,Y
BGI_LB1,LBM01C02,LBM01C02,Y
BGI_LB1,LBM01C03,LBM01C03,Y
BGI_LB1,LBM01C04,LBM01C04,Y
BGI_LB1,LBM01C05,LBM01C05,Y
BGI_LB1,LBM01C06,LBM01C06,Y
BGI_LB1,LBM01C08,LBM01C08,Y
BGI_LB1,LBM01C09,LBM01C09,Y
BGI_LB1,LBM01C10,LBM01C10,Y
BGI_LB1,LBM01C12,LBM01C12,Y
BGI_LB1,LBM01D01,LBM01D01,Y
BGI_LB1,LBM01D03,LBM01D03,Y
BGI_LB1,LBM01D05,LBM01D05,Y
BGI_LB1,LBM01D06,LBM01D06,Y
BGI_LB1,LBM01D09,LBM01D09,Y
BGI_LB1,LBM01D10,LBM01D10,Y
BGI_LB1,LBM01D11,LBM01D11,Y
BGI_LB1,LBM01D12,LBM01D12,Y
BGI_LB1,LBM01E01,LBM01E01,Y
BGI_LB1,LBM01E02,LBM01E02,Y
BGI_LB1,LBM01E03,LBM01E03,Y
BGI_LB1,LBM01E04,LBM01E04,Y
BGI_LB1,LBM01E06,LBM01E06,Y
BGI_LB1,LBM01E08,LBM01E08,Y
BGI_LB1,LBM01E09,LBM01E09,Y
BGI_LB1,LBM01E12,LBM01E12,Y
BGI_LB1,LBM01F01,LBM01F01,Y
BGI_LB1,LBM01F02,LBM01F02,Y
BGI_LB1,LBM01F03,LBM01F03,Y
BGI_LB1,LBM01F05,LBM01F05,Y
BGI_LB1,LBM01F06,LBM01F06,Y
BGI_LB1,LBM01F07,LBM01F07,Y
BGI_LB1,LBM01F09,LBM01F09,Y
BGI_LB1,LBM01F10,LBM01F10,Y
BGI_LB1,LBM01F12,LBM01F12,Y
BGI_LB1,LBM01G01,LBM01G01,Y
BGI_LB1,LBM01G02,LBM01G02,Y
BGI_LB1,LBM01G03,LBM01G03,Y
BGI_LB1,LBM01G05,LBM01G05,Y
BGI_LB1,LBM01G06,LBM01G06,Y
BGI_LB1,LBM01G07,LBM01G07,Y
BGI_LB1,LBM01G08,LBM01G08,Y
BGI_LB1,LBM01G09,LBM01G09,Y
BGI_LB1,LBM01G11,LBM01G11,Y
BGI_LB1,LBM01H05,LBM01H05,Y
BGI_LB1,LBM01H06,LBM01H06,Y
BGI_LB1,LBM01H07,LBM01H07,Y
BGI_LB1,LBM01H08,LBM01H08,Y
BGI_LB1,LBM01H09,LBM01H09,Y
BGI_LB1,LBM01H10,LBM01H10,Y
BGI_LB1,LBM01H11,LBM01H11,Y
BGI_LB1,LBM01H12,LBM01H12,Y
BGI_LB1,LBM02A01,LBM02A01,Y
BGI_LB1,LBM02A03,LBM02A03,Y
BGI_LB1,LBM02A04,LBM02A04,Y
BGI_LB1,LBM02A08,LBM02A08,Y
BGI_LB1,LBM02A10,LBM02A10,Y
BGI_LB1,LBM02B01,LBM02B01,Y
BGI_LB1,LBM02B02,LBM02B02,Y
BGI_LB1,LBM02B03,LBM02B03,Y
BGI_LB1,LBM02B04,LBM02B04,Y
BGI_LB1,LBM02B05,LBM02B05,Y
BGI_LB1,LBM02B06,LBM02B06,Y
BGI_LB1,LBM02B07,LBM02B07,Y
BGI_LB1,LBM02B08,LBM02B08,Y
BGI_LB1,LBM02B09,LBM02B09,Y
BGI_LB1,LBM02B11,LBM02B11,Y
BGI_LB1,LBM02B12,LBM02B12,Y
BGI_LB1,LBM02C01,LBM02C01,Y
BGI_LB1,LBM02C02,LBM02C02,Y
BGI_LB1,LBM02C03,LBM02C03,Y
BGI_LB1,LBM02C04,LBM02C04,Y
BGI_LB1,LBM02C05,LBM02C05,Y
BGI_LB1,LBM02C06,LBM02C06,Y
BGI_LB1,LBM02C07,LBM02C07,Y
BGI_LB1,LBM02C08,LBM02C08,Y
BGI_LB1,LBM02C09,LBM02C09,Y
BGI_LB1,LBM02C10,LBM02C10,Y
BGI_LB1,LBM02C11,LBM02C11,Y
BGI_LB1,LBM02C12,LBM02C12,Y
BGI_LB1,LBM02D01,LBM02D01,Y
BGI_LB1,LBM02D02,LBM02D02,Y
BGI_LB1,LBM02D03,LBM02D03,Y
BGI_LB1,LBM02D04,LBM02D04,Y
BGI_LB1,LBM02D05,LBM02D05,Y
BGI_LB1,LBM02D07,LBM02D07,Y
BGI_LB1,LBM02D08,LBM02D08,Y
BGI_LB1,LBM02D09,LBM02D09,Y
BGI_LB1,LBM02D10,LBM02D10,Y
BGI_LB1,LBM02D11,LBM02D11,Y
BGI_LB1,LBM02D12,LBM02D12,Y
BGI_LB1,LBM02E01,LBM02E01,Y
BGI_LB1,LBM02E02,LBM02E02,Y
BGI_LB1,LBM02E03,LBM02E03,Y
BGI_LB1,LBM02E04,LBM02E04,Y
BGI_LB1,LBM02E05,LBM02E05,Y
BGI_LB1,LBM02E06,LBM02E06,Y
BGI_LB1,LBM02E07,LBM02E07,Y
BGI_LB1,LBM02E09,LBM02E09,Y
BGI_LB1,LBM02E10,LBM02E10,Y
BGI_LB1,LBM02E11,LBM02E11,Y
BGI_LB1,LBM02E12,LBM02E12,Y
BGI_LB1,LBM02F01,LBM02F01,Y
BGI_LB1,LBM02F02,LBM02F02,Y
BGI_LB1,LBM02F03,LBM02F03,Y
BGI_LB1,LBM02F04,LBM02F04,Y
BGI_LB1,LBM02F06,LBM02F06,Y
BGI_LB1,LBM02F07,LBM02F07,Y
BGI_LB1,LBM02F08,LBM02F08,Y
BGI_LB1,LBM02F09,LBM02F09,Y
BGI_LB1,LBM02F10,LBM02F10,Y
BGI_LB1,LBM02F11,LBM02F11,Y
BGI_LB1,LBM02G01,LBM02G01,Y
BGI_LB1,LBM02G02,LBM02G02,Y
BGI_LB1,LBM02G03,LBM02G03,Y
BGI_LB1,LBM02G04,LBM02G04,Y
BGI_LB1,LBM02G05,LBM02G05,Y
BGI_LB1,LBM02G06,LBM02G06,Y
BGI_LB1,LBM02G07,LBM02G07,Y
BGI_LB1,LBM02G08,LBM02G08,Y
BGI_LB1,LBM02G09,LBM02G09,Y
BGI_LB1,LBM02G10,LBM02G10,Y
BGI_LB1,LBM02G11,LBM02G11,Y
BGI_LB1,LBM02G12,LBM02G12,Y
BGI_LB1,LBM02H02,LBM02H02,Y
BGI_LB1,LBM02H03,LBM02H03,Y
BGI_LB1,LBM02H04,LBM02H04,Y
BGI_LB1,LBM02H05,LBM02H05,Y
BGI_LB1,LBM02H08,LBM02H08,Y
BGI_LB1,LBM02H09,LBM02H09,Y
BGI_LB1,LBM02H10,LBM02H10,Y
BGI_LB1,LBM02H11,LBM02H11,Y
BGI_LB1,LBM03A02,LBM03A02,Y
BGI_LB1,LBM03A11,LBM03A11,Y
BGI_LB1,LBM03B02,LBM03B02,Y
BGI_LB1,LBM03B04,LBM03B04,Y
BGI_LB1,LBM03B05,LBM03B05,Y
BGI_LB1,LBM03B07,LBM03B07,Y
BGI_LB1,LBM03B09,LBM03B09,Y
BGI_LB1,LBM03B10,LBM03B10,Y
BGI_LB1,LBM03B11,LBM03B11,Y
BGI_LB1,LBM03C02,LBM03C02,Y
BGI_LB1,LBM03C03,LBM03C03,Y
BGI_LB1,LBM03C04,LBM03C04,Y
BGI_LB1,LBM03C05,LBM03C05,Y
BGI_LB1,LBM03C07,LBM03C07,Y
BGI_LB1,LBM03C09,LBM03C09,Y
BGI_LB1,LBM03C10,LBM03C10,Y
BGI_LB1,LBM03C11,LBM03C11,Y
BGI_LB1,LBM03D01,LBM03D01,Y
BGI_LB1,LBM03D02,LBM03D02,Y
BGI_LB1,LBM03D03,LBM03D03,Y
BGI_LB1,LBM03D04,LBM03D04,Y
BGI_LB1,LBM03D05,LBM03D05,Y
BGI_LB1,LBM03D06,LBM03D06,Y
BGI_LB1,LBM03D07,LBM03D07,Y
BGI_LB1,LBM03D08,LBM03D08,Y
BGI_LB1,LBM03D09,LBM03D09,Y
BGI_LB1,LBM03D10,LBM03D10,Y
BGI_LB1,LBM03D11,LBM03D11,Y
BGI_LB1,LBM03E01,LBM03E01,Y
BGI_LB1,LBM03E02,LBM03E02,Y
BGI_LB1,LBM03E04,LBM03E04,Y
BGI_LB1,LBM03E06,LBM03E06,Y
BGI_LB1,LBM03E07,LBM03E07,Y
BGI_LB1,LBM03E08,LBM03E08,Y
BGI_LB1,LBM03E09,LBM03E09,Y
BGI_LB1,LBM03E10,LBM03E10,Y
BGI_LB1,LBM03E11,LBM03E11,Y
BGI_LB1,LBM03E12,LBM03E12,Y
BGI_LB1,LBM03F01,LBM03F01,Y
BGI_LB1,LBM03F04,LBM03F04,Y
BGI_LB1,LBM03F05,LBM03F05,Y
BGI_LB1,LBM03F06,LBM03F06,Y
BGI_LB1,LBM03F07,LBM03F07,Y
BGI_LB1,LBM03F08,LBM03F08,Y
BGI_LB1,LBM03F09,LBM03F09,Y
BGI_LB1,LBM03F10,LBM03F10,Y
BGI_LB1,LBM03F11,LBM03F11,Y
BGI_LB1,LBM03G02,LBM03G02,Y
BGI_LB1,LBM03G05,LBM03G05,Y
BGI_LB1,LBM03G06,LBM03G06,Y
BGI_LB1,LBM03G07,LBM03G07,Y
BGI_LB1,LBM03G08,LBM03G08,Y
BGI_LB1,LBM03G09,LBM03G09,Y
BGI_LB1,LBM03G10,LBM03G10,Y
BGI_LB1,LBM03G11,LBM03G11,Y
BGI_LB1,LBM03H06,LBM03H06,Y
BGI_LB1,LBM04A01,LBM04A01,Y
BGI_LB1,LBM04A02,LBM04A02,Y
BGI_LB1,LBM04A03,LBM04A03,Y
BGI_LB1,LBM04A05,LBM04A05,Y
BGI_LB1,LBM04B01,LBM04B01,Y
BGI_LB1,LBM04B02,LBM04B02,Y
BGI_LB1,LBM04B04,LBM04B04,Y
BGI_LB1,LBM04B06,LBM04B06,Y
BGI_LB1,LBM04B08,LBM04B08,Y
BGI_LB1,LBM04C02,LBM04C02,Y
BGI_LB1,LBM04C03,LBM04C03,Y
BGI_LB1,LBM04C04,LBM04C04,Y
BGI_LB1,LBM04C05,LBM04C05,Y
BGI_LB1,LBM04C06,LBM04C06,Y
BGI_LB1,LBM04D01,LBM04D01,Y
BGI_LB1,LBM04D02,LBM04D02,Y
BGI_LB1,LBM04D05,LBM04D05,Y
BGI_LB1,LBM04D06,LBM04D06,Y
BGI_LB1,LBM04D08,LBM04D08,Y
BGI_LB1,LBM04E01,LBM04E01,Y
BGI_LB1,LBM04E02,LBM04E02,Y
BGI_LB1,LBM04E03,LBM04E03,Y
BGI_LB1,LBM04E04,LBM04E04,Y
BGI_LB1,LBM04E05,LBM04E05,Y
BGI_LB1,LBM04E06,LBM04E06,Y
BGI_LB1,LBM04E08,LBM04E08,Y
BGI_LB1,LBM04E11,LBM04E11,Y
BGI_LB1,LBM04F01,LBM04F01,Y
BGI_LB1,LBM04F02,LBM04F02,Y
BGI_LB1,LBM04F03,LBM04F03,Y
BGI_LB1,LBM04F04,LBM04F04,Y
BGI_LB1,LBM04F05,LBM04F05,Y
BGI_LB1,LBM04F06,LBM04F06,Y
BGI_LB1,LBM04G01,LBM04G01,Y
BGI_LB1,LBM04G02,LBM04G02,Y
BGI_LB1,LBM04G03,LBM04G03,Y
BGI_LB1,LBM04G04,LBM04G04,Y
BGI_LB1,LBM04G05,LBM04G05,Y
BGI_LB1,LBM04G06,LBM04G06,Y
BGI_LB1,LBM04G08,LBM04G08,Y
BGI_LB1,LBM04H01,LBM04H01,Y
oxley.1,EB510,EB510,Y
oxley.1,EB515,EB515,Y
oxley.1,EB519,EB519,Y
oxley.1,EB521,EB521,Y
oxley.1,EB522,EB522,Y
oxley.1,EB523,EB523,Y
oxley.1,EB524,EB524,Y
oxley.1,EB525,EB525,Y
oxley.1,EB526,EB526,Y
oxley.1,EB527,EB527,Y
oxley.1,EB528,EB528,Y
oxley.1,EB529,EB529,Y
oxley.1,EB530,EB530,Y
oxley.1,EB531,EB531,Y
oxley.1,EB534,EB534,Y
oxley.1,EB535,EB535,Y
oxley.1,EB536,EB536,Y
oxley.1,ENE0001,ENE0001,Y
oxley.1,ENE0005,ENE0005,Y
oxley.1,ENE0008,ENE0008,Y
oxley.1,ENE0009,ENE0009,Y
oxley.1,ENE0010,ENE0010,Y
oxley.1,ENE0011,ENE0011,Y
oxley.1,ENE0014,ENE0014,Y
oxley.1,ENE0015,ENE0015,Y
oxley.1,ENE0023,ENE0023,Y
oxley.1,ENE0024,ENE0024,Y
oxley.1,ENE0026,ENE0026,Y
oxley.1,ENE0028,ENE0028,Y
oxley.1,ENE0030,ENE0030,Y
oxley.1,ENE0031,ENE0031,Y
oxley.1,ENE0032,ENE0032,Y
oxley.1,ENE0033,ENE0033,Y
oxley.1,ENE0034,ENE0034,Y
oxley.1,ENE0036,ENE0036,Y
oxley.1,ENE0038,ENE0038,Y
oxley.1,ENE0040,ENE0040,Y
oxley.1,ENE0042,ENE0042,Y
oxley.1,ENE0044,ENE0044,Y
plate1-6.0,FDK10,FDK10,Y
plate1-6.1,FDK10,FDK10,Y
plate1-6.2,FDK10,FDK10,Y
plate1.1,FDK10-NextRAD,FDK10,Y
plate1.1,FDK10-WGS,FDK10,Y
plate1.2,FDK10-WGS,FDK10,Y
plate1-6.0,GH1,GH1,Y
plate1-6.1,GH1,GH1,Y
plate1-6.2,GH1,GH1,Y
plate1-6.0,GH2,GH2,Y
plate1-6.1,GH2,GH2,Y
plate1-6.2,GH2,GH2,Y
plate1-6.0,J293,J293,Y
plate1-6.1,J293,J293,Y
plate1-6.2,J293,J293,Y
plate1-6.0,J294,J294,Y
plate1-6.1,J294,J294,Y
plate1-6.2,J294,J294,Y
plate1.1,J294-NextRAD,J294,Y
plate1.1,J294-WGS,J294,Y
plate1.2,J294-WGS,J294,Y
plate1-6.0,J295,J295,Y
plate1-6.1,J295,J295,Y
plate1-6.2,J295,J295,Y
plate1-6.0,J295-rep,J295,Y
plate1-6.1,J295-rep,J295,Y
plate1-6.2,J295rep,J295,Y
plate1-6.0,J296,J296,Y
plate1-6.1,J296,J296,Y
plate1-6.2,J296,J296,Y
plate1.1,J296-NextRAD,J296,Y
plate1.1,J296-WGS,J296,Y
plate1.2,J296-WGS,J296,Y
plate1-6.0,J298,J298,Y
plate1-6.1,J298,J298,Y
plate1-6.2,J298,J298,Y
plate1.1,J298-NextRAD,J298,Y
plate1.1,J298-WGS,J298,Y
plate1.2,J298-WGS,J298,Y
plate1-6.0,J300,J300,Y
plate1-6.1,J300,J300,Y
plate1-6.2,J300,J300,Y
plate1-6.0,J301,J301,Y
plate1-6.1,J301,J301,Y
plate1-6.2,J301,J301,Y
plate1.1,J301-NextRAD,J301,Y
plate1.1,J301-WGS,J301,Y
plate1.2,J301-WGS,J301,Y
plate1-6.0,J302,J302,Y
plate1-6.1,J302,J302,Y
plate1-6.2,J302,J302,Y
plate1-6.0,J303,J303,Y
plate1-6.1,J303,J303,Y
plate1-6.2,J303,J303,Y
plate1.1,J303-NextRAD,J303,Y
plate1.1,J303-WGS,J303,Y
plate1.2,J303-WGS,J303,Y
plate1-6.0,J304,J304,Y
plate1-6.1,J304,J304,Y
plate1-6.2,J304,J304,Y
plate1-6.0,J307,J307,Y
plate1-6.1,J307,J307,Y
plate1-6.2,J307,J307,Y
plate1.1,J307-NextRAD,J307,Y
plate1.1,J307-WGS,J307,Y
plate1.2,J307-WGS,J307,Y
plate1-6.0,J310,J310,Y
plate1-6.1,J310,J310,Y
plate1-6.2,J310,J310,Y
plate1.1,J310-NextRAD,J310,Y
plate1.1,J310-WGS,J310,Y
plate1.2,J310-WGS,J310,Y
plate1-6.0,J311,J311,Y
plate1-6.1,J311,J311,Y
plate1-6.2,J311,J311,Y
plate1.1,J311-NextRAD,J311,Y
plate1.1,J311-WGS,J311,Y
plate1.2,J311-WGS,J311,Y
plate1-6.0,J312,J312,Y
plate1-6.1,J312,J312,Y
plate1-6.2,J312,J312,Y
plate1-6.0,J315,J315,Y
plate1-6.1,J315,J315,Y
plate1-6.2,J315,J315,Y
plate1.1,J315-NextRAD,J315,Y
plate1.1,J315-WGS,J315,Y
plate1.2,J315-WGS,J315,Y
plate1-6.0,J316,J316,Y
plate1-6.1,J316,J316,Y
plate1-6.2,J316,J316,Y
plate1.1,J316-NextRAD,J316,Y
plate1.1,J316-WGS,J316,Y
plate1.2,J316-WGS,J316,Y
plate1-6.0,J317,J317,Y
plate1-6.1,J317,J317,Y
plate1-6.2,J317,J317,Y
plate1.1,J317-NextRAD,J317,Y
plate1.1,J317-WGS,J317,Y
plate1.2,J317-WGS,J317,Y
plate1-6.0,J318,J318,Y
plate1-6.1,J318,J318,Y
plate1-6.2,J318,J318,Y
plate1.1,J318-NextRAD,J318,Y
plate1.1,J318-WGS,J318,Y
plate1.2,J318-WGS,J318,Y
plate1-6.0,J319,J319,Y
plate1-6.1,J319,J319,Y
plate1-6.2,J319,J319,Y
plate1.1,J319-NextRAD,J319,Y
plate1.1,J319-WGS,J319,Y
plate1.2,J319-WGS,J319,Y
plate1-6.0,J320,J320,Y
plate1-6.1,J320,J320,Y
plate1-6.2,J320,J320,Y
plate1.1,J320-NextRAD,J320,Y
plate1.1,J320-WGS,J320,Y
plate1.2,J320-WGS,J320,Y
plate1-6.0,J321g,J321g,Y
plate1-6.1,J321g,J321g,Y
plate1-6.2,J321g,J321g,Y
plate1.1,J321g-NextRAD,J321g,Y
plate1.1,J321g-WGS,J321g,Y
plate1.2,J321g-WGS,J321g,Y
plate1-6.0,J322,J322,Y
plate1-6.1,J322,J322,Y
plate1-6.2,J322,J322,Y
plate1.1,J322-NextRAD,J322,Y
plate1.1,J322-WGS,J322,Y
plate1.2,J322-WGS,J322,Y
plate1-6.0,J324,J324,Y
plate1-6.1,J324,J324,Y
plate1-6.2,J324,J324,Y
plate1.1,J324-NextRAD,J324,Y
plate1.1,J324-WGS,J324,Y
plate1.2,J324-WGS,J324,Y
plate1-6.0,J326,J326,Y
plate1-6.1,J326,J326,Y
plate1-6.2,J326,J326,Y
plate1.1,J326-NextRAD,J326,Y
plate1.1,J326-WGS,J326,Y
plate1.2,J326-WGS,J326,Y
plate1-6.0,J327,J327,Y
plate1-6.1,J327,J327,Y
plate1-6.2,J327,J327,Y
plate1.1,J327-NextRAD,J327,Y
plate1.1,J327-WGS,J327,Y
plate1.2,J327-WGS,J327,Y
plate1-6.0,J328,J328,Y
plate1-6.1,J328,J328,Y
plate1-6.2,J328,J328,Y
plate1.1,J328-NextRAD,J328,Y
plate1.1,J328-WGS,J328,Y
plate1.2,J328-WGS,J328,Y
plate1-6.0,J329,J329,Y
plate1-6.1,J329,J329,Y
plate1-6.2,J329,J329,Y
plate1.1,J329-NextRAD,J329,Y
plate1.1,J329-WGS,J329,Y
plate1.2,J329-WGS,J329,Y
plate1-6.0,J330,J330,Y
plate1-6.1,J330,J330,Y
plate1-6.2,J330,J330,Y
plate1.1,J330-NextRAD,J330,Y
plate1.1,J330-WGS,J330,Y
plate1.2,J330-WGS,J330,Y
plate1-6.0,J331,J331,Y
plate1-6.1,J331,J331,Y
plate1-6.2,J331,J331,Y
plate1.1,J331-NextRAD,J331,Y
plate1.1,J331-WGS,J331,Y
plate1.2,J331-WGS,J331,Y
plate1-6.0,J333,J333,Y
plate1-6.1,J333,J333,Y
plate1-6.2,J333,J333,Y
plate1-6.0,J333_plus,J333,Y
plate1-6.1,J333_plus,J333,Y
plate1-6.2,J333_plus,J333,Y
plate1.1,J333-NextRAD,J333,Y
plate1.1,J333-plus-NextRAD,J333,Y
plate1.1,J333-plus-WGS,J333,Y
plate1.2,J333-plus-WGS,J333,Y
plate1.1,J333-WGS,J333,Y
plate1.2,J333-WGS,J333,Y
plate1-6.0,J333a,J333a,Y
plate1-6.1,J333a,J333a,Y
plate1-6.2,J333a,J333a,Y
plate2,J333a,J333a,Y
plate1-6.0,J334,J334,Y
plate1-6.1,J334,J334,Y
plate1-6.2,J334,J334,Y
plate1.1,J334-NextRAD,J334,Y
plate1.1,J334-WGS,J334,Y
plate1.2,J334-WGS,J334,Y
plate1-6.0,J335,J335,Y
plate1-6.1,J335,J335,Y
plate1-6.2,J335,J335,Y
plate1.1,J335-NextRAD,J335,Y
plate1.1,J335-WGS,J335,Y
plate1.2,J335-WGS,J335,Y
plate1-6.0,J338,J338,Y
plate1-6.1,J338,J338,Y
plate1-6.2,J338,J338,Y
plate1.1,J338-NextRAD,J338,Y
plate1.1,J338-WGS,J338,Y
plate1.2,J338-WGS,J338,Y
plate1-6.0,J339,J339,Y
plate1-6.1,J339,J339,Y
plate1-6.2,J339,J339,Y
plate1.1,J339-NextRAD,J339,Y
plate1.1,J339-WGS,J339,Y
plate1.2,J339-WGS,J339,Y
plate1-6.0,J340,J340,Y
plate1-6.1,J340,J340,Y
plate1-6.2,J340,J340,Y
plate1.1,J340-NextRAD,J340,Y
plate1.1,J340-WGS,J340,Y
plate1.2,J340-WGS,J340,Y
plate1-6.0,J341,J341,Y
plate1-6.1,J341,J341,Y
plate1-6.2,J341,J341,Y
plate1.1,J341-NextRAD,J341,Y
plate1.1,J341-WGS,J341,Y
plate1.2,J341-WGS,J341,Y
plate1-6.0,J341a,J341a,Y
plate1-6.1,J341a,J341a,Y
plate1-6.2,J341a,J341a,Y
plate1-6.0,J341b,J341b,Y
plate1-6.1,J341b,J341b,Y
plate1-6.2,J341b,J341b,Y
plate1-6.0,J341c,J341c,Y
plate1-6.1,J341c,J341c,Y
plate1-6.2,J341c,J341c,Y
plate1-6.0,J341d,J341d,Y
plate1-6.1,J341d,J341d,Y
plate1-6.2,J341d,J341d,Y
plate1-6.0,J342,J342,Y
plate1-6.1,J342,J342,Y
plate1-6.2,J342,J342,Y
plate1.1,J342-NextRAD,J342,Y
plate1.1,J342-WGS,J342,Y
plate1.2,J342-WGS,J342,Y
plate1-6.0,J342a,J342a,Y
plate1-6.1,J342a,J342a,Y
plate1-6.2,J342a,J342a,Y
plate1-6.0,J342a-rep,J342a,Y
plate1-6.1,J342a-rep,J342a,Y
plate1-6.2,J342arep,J342a,Y
plate1-6.0,J342b,J342b,Y
plate1-6.1,J342b,J342b,Y
plate1-6.2,J342b,J342b,Y
plate1-6.0,J342c,J342c,Y
plate1-6.1,J342c,J342c,Y
plate1-6.2,J342c,J342c,Y
plate1-6.0,J342d,J342d,Y
plate1-6.1,J342d,J342d,Y
plate1-6.2,J342d,J342d,Y
plate1-6.0,J343,J343,Y
plate1-6.1,J343,J343,Y
plate1-6.2,J343,J343,Y
plate1.1,J343-NextRAD,J343,Y
plate1.1,J343-WGS,J343,Y
plate1.2,J343-WGS,J343,Y
plate1-6.0,J344,J344,Y
plate1-6.1,J344,J344,Y
plate1-6.2,J344,J344,Y
plate1.1,J344-NextRAD,J344,Y
plate1.1,J344-WGS,J344,Y
plate1.2,J344-WGS,J344,Y
plate1-6.0,J345,J345,Y
plate1-6.1,J345,J345,Y
plate1-6.2,J345,J345,Y
plate1-6.0,J345_plus,J345,Y
plate1-6.1,J345_plus,J345,Y
plate1-6.2,J345_plus,J345,Y
plate1.1,J345-NextRAD,J345,Y
plate1.1,J345-plus-NextRAD,J345,Y
plate1.1,J345-plus-WGS,J345,Y
plate1.2,J345-plus-WGS,J345,Y
plate1.1,J345-WGS,J345,Y
plate1.2,J345-WGS,J345,Y
plate1-6.0,J345a,J345a,Y
plate1-6.1,J345a,J345a,Y
plate1-6.2,J345a,J345a,Y
oxley.1,J345b,J345b,Y
oxley.1,J345c,J345c,Y
plate1-6.0,J345d,J345d,Y
plate1-6.1,J345d,J345d,Y
plate1-6.2,J345d,J345d,Y
plate1-6.0,J346,J346,Y
plate1-6.1,J346,J346,Y
plate1-6.2,J346,J346,Y
plate1.1,J346-NextRAD,J346,Y
plate1.1,J346-WGS,J346,Y
plate1.2,J346-WGS,J346,Y
plate1-6.0,J347,J347,Y
plate1-6.1,J347,J347,Y
plate1-6.2,J347,J347,Y
plate1.1,J347-NextRAD,J347,Y
plate1.1,J347-WGS,J347,Y
plate1.2,J347-WGS,J347,Y
plate1-6.0,J348,J348,Y
plate1-6.1,J348,J348,Y
plate1-6.2,J348,J348,Y
plate1.1,J348-NextRAD,J348,Y
plate1.1,J348-WGS,J348,Y
plate1.2,J348-WGS,J348,Y
oxley.1,J349,J349,Y
plate1-6.0,J349,J349,Y
plate1-6.1,J349,J349,Y
plate1-6.2,J349,J349,Y
plate1.1,J349-NextRAD,J349,Y
plate1.1,J349-WGS,J349,Y
plate1.2,J349-WGS,J349,Y
plate1-6.0,J349a,J349a,Y
plate1-6.1,J349a,J349a,Y
plate1-6.2,J349a,J349a,Y
plate1-6.0,J349b,J349b,Y
plate1-6.1,J349b,J349b,Y
plate1-6.2,J349b,J349b,Y
plate1-6.0,J349d,J349d,Y
plate1-6.1,J349d,J349d,Y
plate1-6.2,J349d,J349d,Y
plate1-6.0,J349e,J349e,Y
plate1-6.1,J349e,J349e,Y
plate1-6.2,J349e,J349e,Y
plate1-6.0,J349f,J349f,Y
plate1-6.1,J349f,J349f,Y
plate1-6.2,J349f,J349f,Y
plate1-6.0,J349g,J349g,Y
plate1-6.1,J349g,J349g,Y
plate1-6.2,J349g,J349g,Y
plate1-6.0,J349h,J349h,Y
plate1-6.1,J349h,J349h,Y
plate1-6.2,J349h,J349h,Y
plate1-6.0,J349i,J349i,Y
plate1-6.1,J349i,J349i,Y
plate1-6.2,J349i,J349i,Y
plate1-6.0,J349j,J349j,Y
plate1-6.1,J349j,J349j,Y
plate1-6.2,J349j,J349j,Y
plate1-6.0,J350,J350,Y
plate1-6.1,J350,J350,Y
plate1-6.2,J350,J350,Y
plate1.1,J350-NextRAD,J350,Y
plate1.1,J350-WGS,J350,Y
plate1.2,J350-WGS,J350,Y
plate1-6.0,J350a,J350a,Y
plate1-6.1,J350a,J350a,Y
plate1-6.2,J350a,J350a,Y
plate1-6.0,J350b,J350b,Y
plate1-6.1,J350b,J350b,Y
plate1-6.2,J350b,J350b,Y
plate1-6.0,J350c,J350c,Y
plate1-6.1,J350c,J350c,Y
plate1-6.2,J350c,J350c,Y
plate1-6.0,J350d,J350d,Y
plate1-6.1,J350d,J350d,Y
plate1-6.2,J350d,J350d,Y
plate1-6.0,J350e,J350e,Y
plate1-6.1,J350e,J350e,Y
plate1-6.2,J350e,J350e,Y
plate1-6.0,J350f,J350f,Y
plate1-6.1,J350f,J350f,Y
plate1-6.2,J350f,J350f,Y
plate1-6.0,J350g,J350g,Y
plate1-6.1,J350g,J350g,Y
plate1-6.2,J350g,J350g,Y
plate1-6.0,J350h,J350h,Y
plate1-6.1,J350h,J350h,Y
plate1-6.2,J350h,J350h,Y
plate1-6.0,J350i,J350i,Y
plate1-6.1,J350i,J350i,Y
plate1-6.2,J350i,J350i,Y
plate1-6.0,J351,J351,Y
plate1-6.1,J351,J351,Y
plate1-6.2,J351,J351,Y
plate1-6.0,J351_plus,J351,Y
plate1-6.1,J351_plus,J351,Y
plate1-6.2,J351_plus,J351,Y
plate1.1,J351-NextRAD,J351,Y
plate1.1,J351-plus-NextRAD,J351,Y
plate1.1,J351-plus-WGS,J351,Y
plate1.2,J351-plus-WGS,J351,Y
plate1.1,J351-WGS,J351,Y
plate1.2,J351-WGS,J351,Y
plate1-6.0,J352,J352,Y
plate1-6.1,J352,J352,Y
plate1-6.2,J352,J352,Y
plate1.1,J352-NextRAD,J352,Y
plate1.1,J352-WGS,J352,Y
plate1.2,J352-WGS,J352,Y
plate1-6.0,J352a,J352a,Y
plate1-6.1,J352a,J352a,Y
plate1-6.2,J352a,J352a,Y
plate1-6.0,J352b,J352b,Y
plate1-6.1,J352b,J352b,Y
plate1-6.2,J352b,J352b,Y
plate1-6.0,J352c,J352c,Y
plate1-6.1,J352c,J352c,Y
plate1-6.2,J352c,J352c,Y
plate1-6.0,J352d,J352d,Y
plate1-6.1,J352d,J352d,Y
plate1-6.2,J352d,J352d,Y
plate1-6.0,J352e,J352e,Y
plate1-6.1,J352e,J352e,Y
plate1-6.2,J352e,J352e,Y
plate1-6.0,J352f,J352f,Y
plate1-6.1,J352f,J352f,Y
plate1-6.2,J352f,J352f,Y
plate1-6.0,J352g,J352g,Y
plate1-6.1,J352g,J352g,Y
plate1-6.2,J352g,J352g,Y
plate1-6.0,J352h,J352h,Y
plate1-6.1,J352h,J352h,Y
plate1-6.2,J352h,J352h,Y
plate1-6.0,J352i,J352i,Y
plate1-6.1,J352i,J352i,Y
plate1-6.2,J352i,J352i,Y
plate1-6.0,J353,J353,Y
plate1-6.1,J353,J353,Y
plate1-6.2,J353,J353,Y
plate1.1,J353-NextRAD,J353,Y
plate1.1,J353-WGS,J353,Y
plate1.2,J353-WGS,J353,Y
plate1-6.0,J354,J354,Y
plate1-6.1,J354,J354,Y
plate1-6.2,J354,J354,Y
plate1.1,J354-NextRAD,J354,Y
plate1.1,J354-WGS,J354,Y
plate1.2,J354-WGS,J354,Y
plate1-6.0,J355,J355,Y
plate1-6.1,J355,J355,Y
plate1-6.2,J355,J355,Y
plate1.1,J355-NextRAD,J355,Y
plate1.1,J355-WGS,J355,Y
plate1.2,J355-WGS,J355,Y
plate1-6.0,J355a,J355a,Y
plate1-6.1,J355a,J355a,Y
plate1-6.2,J355a,J355a,Y
oxley.1,J355b,J355b,Y
plate1-6.0,J355b,J355b,Y
plate1-6.1,J355b,J355b,Y
plate1-6.2,J355b,J355b,Y
plate1.1,J355b-NextRAD,J355b,Y
plate1.1,J355b-WGS,J355b,Y
plate1.2,J355b-WGS,J355b,Y
plate1-6.0,J355c,J355c,Y
plate1-6.1,J355c,J355c,Y
plate1-6.2,J355c,J355c,Y
plate1-6.0,J355d,J355d,Y
plate1-6.1,J355d,J355d,Y
plate1-6.2,J355d,J355d,Y
plate1-6.0,J355e,J355e,Y
plate1-6.1,J355e,J355e,Y
plate1-6.2,J355e,J355e,Y
plate1-6.0,J355f,J355f,Y
plate1-6.1,J355f,J355f,Y
plate1-6.2,J355f,J355f,Y
plate1-6.0,J355g,J355g,Y
plate1-6.1,J355g,J355g,Y
plate1-6.2,J355g,J355g,Y
plate1-6.0,J357,J357,Y
plate1-6.1,J357,J357,Y
plate1-6.2,J357,J357,Y
plate1.1,J357-NextRAD,J357,Y
plate1.1,J357-WGS,J357,Y
plate1.2,J357-WGS,J357,Y
plate1-6.0,J358,J358,Y
plate1-6.1,J358,J358,Y
plate1-6.2,J358,J358,Y
plate1.1,J358-NextRAD,J358,Y
plate1.1,J358-WGS,J358,Y
plate1.2,J358-WGS,J358,Y
plate1-6.0,J359,J359,Y
plate1-6.1,J359,J359,Y
plate1-6.2,J359,J359,Y
plate1.1,J359-NextRAD,J359,Y
plate1.1,J359-WGS,J359,Y
plate1.2,J359-WGS,J359,Y
plate1-6.0,J359a,J359a,Y
plate1-6.1,J359a,J359a,Y
plate1-6.2,J359a,J359a,Y
plate1-6.0,J359b,J359b,Y
plate1-6.1,J359b,J359b,Y
plate1-6.2,J359b,J359b,Y
plate1-6.0,J359c,J359c,Y
plate1-6.1,J359c,J359c,Y
plate1-6.2,J359c,J359c,Y
plate1-6.0,J359d,J359d,Y
plate1-6.1,J359d,J359d,Y
plate1-6.2,J359d,J359d,Y
plate1-6.0,J359e,J359e,Y
plate1-6.1,J359e,J359e,Y
plate1-6.2,J359e,J359e,Y
oxley.1,J359f,J359f,Y
plate1-6.0,J359g,J359g,Y
plate1-6.1,J359g,J359g,Y
plate1-6.2,J359g,J359g,Y
plate1-6.0,J359h,J359h,Y
plate1-6.1,J359h,J359h,Y
plate1-6.2,J359h,J359h,Y
plate1-6.0,J359i,J359i,Y
plate1-6.1,J359i,J359i,Y
plate1-6.2,J359i,J359i,Y
plate1-6.0,J360,J360,Y
plate1-6.1,J360,J360,Y
plate1-6.2,J360,J360,Y
plate1.1,J360-NextRAD,J360,Y
plate1.1,J360-WGS,J360,Y
plate1.2,J360-WGS,J360,Y
plate1-6.0,J361,J361,Y
plate1-6.1,J361,J361,Y
plate1-6.2,J361,J361,Y
plate1.1,J361-NextRAD,J361,Y
plate1.1,J361-WGS,J361,Y
plate1.2,J361-WGS,J361,Y
plate1-6.0,J361a,J361a,Y
plate1-6.1,J361a,J361a,Y
plate1-6.2,J361a,J361a,Y
plate1-6.0,J361b,J361b,Y
plate1-6.1,J361b,J361b,Y
plate1-6.2,J361b,J361b,Y
plate1-6.0,J361c,J361c,Y
plate1-6.1,J361c,J361c,Y
plate1-6.2,J361c,J361c,Y
plate1-6.0,J361d,J361d,Y
plate1-6.1,J361d,J361d,Y
plate1-6.2,J361d,J361d,Y
plate1-6.0,J361e,J361e,Y
plate1-6.1,J361e,J361e,Y
plate1-6.2,J361e,J361e,Y
plate1-6.0,J361f,J361f,Y
plate1-6.1,J361f,J361f,Y
plate1-6.2,J361f,J361f,Y
plate1-6.0,J361g,J361g,Y
plate1-6.1,J361g,J361g,Y
plate1-6.2,J361g,J361g,Y
plate1-6.0,J361h,J361h,Y
plate1-6.1,J361h,J361h,Y
plate1-6.2,J361h,J361h,Y
plate1-6.0,J361i,J361i,Y
plate1-6.1,J361i,J361i,Y
plate1-6.2,J361i,J361i,Y
plate1-6.0,J362,J362,Y
plate1-6.1,J362,J362,Y
plate1-6.2,J362,J362,Y
plate1-6.0,J362_young,J362,Y
plate1-6.1,J362_young,J362,Y
plate1-6.2,J362_young,J362,Y
plate1.1,J362-young-NextRAD,J362,Y
plate1.1,J362-young-WGS,J362,Y
plate1.2,J362-young-WGS,J362,Y
plate1-6.0,J362a,J362a,Y
plate1-6.1,J362a,J362a,Y
plate1-6.2,J362a,J362a,Y
plate1-6.0,J362b,J362b,Y
plate1-6.1,J362b,J362b,Y
plate1-6.2,J362b,J362b,Y
plate1-6.0,J363,J363,Y
plate1-6.1,J363,J363,Y
plate1-6.2,J363,J363,Y
plate1-6.0,J363_plus,J363,Y
plate1-6.1,J363_plus,J363,Y
plate1-6.2,J363_plus,J363,Y
plate1.1,J363-NextRAD,J363,Y
plate1.1,J363-plus-NextRAD,J363,Y
plate1.1,J363-plus-WGS,J363,Y
plate1.2,J363-plus-WGS,J363,Y
plate1.1,J363-WGS,J363,Y
plate1.2,J363-WGS,J363,Y
plate1-6.0,J364,J364,Y
plate1-6.1,J364,J364,Y
plate1-6.2,J364,J364,Y
plate1.1,J364-NextRAD,J364,Y
plate1.1,J364-WGS,J364,Y
plate1.2,J364-WGS,J364,Y
plate1-6.0,J365,J365,Y
plate1-6.1,J365,J365,Y
plate1-6.2,J365,J365,Y
plate1.1,J365-NextRAD,J365,Y
plate1.1,J365-WGS,J365,Y
plate1.2,J365-WGS,J365,Y
plate1-6.0,J366,J366,Y
plate1-6.1,J366,J366,Y
plate1-6.2,J366,J366,Y
plate1-6.0,J366_plus,J366,Y
plate1-6.1,J366_plus,J366,Y
plate1-6.2,J366_plus,J366,Y
plate1.1,J366-NextRAD,J366,Y
plate1.1,J366-plus-NextRAD,J366,Y
plate1.1,J366-plus-WGS,J366,Y
plate1.2,J366-plus-WGS,J366,Y
plate1.1,J366-WGS,J366,Y
plate1.2,J366-WGS,J366,Y
plate1-6.0,J367,J367,Y
plate1-6.1,J367,J367,Y
plate1-6.2,J367,J367,Y
plate1.1,J367-NextRAD,J367,Y
plate1.1,J367-WGS,J367,Y
plate1.2,J367-WGS,J367,Y
plate1-6.0,J367a,J367a,Y
plate1-6.1,J367a,J367a,Y
plate1-6.2,J367a,J367a,Y
plate1-6.0,J367b,J367b,Y
plate1-6.1,J367b,J367b,Y
plate1-6.2,J367b,J367b,Y
plate1-6.0,J367c,J367c,Y
plate1-6.1,J367c,J367c,Y
plate1-6.2,J367c,J367c,Y
plate1-6.0,J367d,J367d,Y
plate1-6.1,J367d,J367d,Y
plate1-6.2,J367d,J367d,Y
plate1-6.0,J367e,J367e,Y
plate1-6.1,J367e,J367e,Y
plate1-6.2,J367e,J367e,Y
plate1-6.0,J367f,J367f,Y
plate1-6.1,J367f,J367f,Y
plate1-6.2,J367f,J367f,Y
plate1-6.0,J367g,J367g,Y
plate1-6.1,J367g,J367g,Y
plate1-6.2,J367g,J367g,Y
plate1-6.0,J367h,J367h,Y
plate1-6.1,J367h,J367h,Y
plate1-6.2,J367h,J367h,Y
plate1-6.0,J367i,J367i,Y
plate1-6.1,J367i,J367i,Y
plate1-6.2,J367i,J367i,Y
plate1.1,J367i-NextRAD,J367i,Y
plate1.1,J367i-WGS,J367i,Y
plate1.2,J367i-WGS,J367i,Y
plate1-6.0,J368,J368,Y
plate1-6.1,J368,J368,Y
plate1-6.2,J368,J368,Y
plate1.1,J368-NextRAD,J368,Y
plate1.1,J368-WGS,J368,Y
plate1.2,J368-WGS,J368,Y
plate1-6.0,J369,J369,Y
plate1-6.1,J369,J369,Y
plate1-6.2,J369,J369,Y
plate1.1,J369-NextRAD,J369,Y
plate1.1,J369-WGS,J369,Y
plate1.2,J369-WGS,J369,Y
plate1-6.0,J370,J370,Y
plate1-6.1,J370,J370,Y
plate1-6.2,J370,J370,Y
plate1.1,J370-NextRAD,J370,Y
plate1.1,J370-WGS,J370,Y
plate1.2,J370-WGS,J370,Y
plate1-6.0,J371,J371,Y
plate1-6.1,J371,J371,Y
plate1-6.2,J371,J371,Y
plate1.1,J371-NextRAD,J371,Y
plate1.1,J371-WGS,J371,Y
plate1.2,J371-WGS,J371,Y
plate1-6.0,J372,J372,Y
plate1-6.1,J372,J372,Y
plate1-6.2,J372,J372,Y
plate1.1,J372-NextRAD,J372,Y
plate1.1,J372-WGS,J372,Y
plate1.2,J372-WGS,J372,Y
plate1-6.0,J373,J373,Y
plate1-6.1,J373,J373,Y
plate1-6.2,J373,J373,Y
plate1.1,J373-NextRAD,J373,Y
plate1.1,J373-WGS,J373,Y
plate1.2,J373-WGS,J373,Y
plate1-6.0,J374,J374,Y
plate1-6.1,J374,J374,Y
plate1-6.2,J374,J374,Y
plate1.1,J374-NextRAD,J374,Y
plate1.1,J374-WGS,J374,Y
plate1.2,J374-WGS,J374,Y
plate1-6.0,J374a,J374a,Y
plate1-6.1,J374a,J374a,Y
plate1-6.2,J374a,J374a,Y
plate1-6.0,J374b,J374b,Y
plate1-6.1,J374b,J374b,Y
plate1-6.2,J374b,J374b,Y
plate1-6.0,J374c,J374c,Y
plate1-6.1,J374c,J374c,Y
plate1-6.2,J374c,J374c,Y
plate1-6.0,J374d,J374d,Y
plate1-6.1,J374d,J374d,Y
plate1-6.2,J374d,J374d,Y
plate1-6.0,J374e,J374e,Y
plate1-6.1,J374e,J374e,Y
plate1-6.2,J374e,J374e,Y
plate1-6.0,J374f,J374f,Y
plate1-6.1,J374f,J374f,Y
plate1-6.2,J374f,J374f,Y
plate1-6.0,J374g,J374g,Y
plate1-6.1,J374g,J374g,Y
plate1-6.2,J374g,J374g,Y
plate1-6.0,J374h,J374h,Y
plate1-6.1,J374h,J374h,Y
plate1-6.2,J374h,J374h,Y
plate1-6.0,J374i,J374i,Y
plate1-6.1,J374i,J374i,Y
plate1-6.2,J374i,J374i,Y
plate1-6.0,J375,J375,Y
plate1-6.1,J375,J375,Y
plate1-6.2,J375,J375,Y
plate1.1,J375-NextRAD,J375,Y
plate1-6.0,J375-rep1,J375,Y
plate1-6.1,J375-rep1,J375,Y
plate2,J375-rep1,J375,Y
plate1.1,J375-WGS,J375,Y
plate1.2,J375-WGS,J375,Y
plate1-6.2,J375rep1,J375,Y
plate1-6.0,J376,J376,Y
plate1-6.1,J376,J376,Y
plate1-6.2,J376,J376,Y
plate1.1,J376-NextRAD,J376,Y
plate1.1,J376-WGS,J376,Y
plate1.2,J376-WGS,J376,Y
plate1-6.0,J376a,J376a,Y
plate1-6.1,J376a,J376a,Y
plate1-6.2,J376a,J376a,Y
plate1-6.0,J376a-rep,J376a,Y
plate1-6.1,J376a-rep,J376a,Y
plate1-6.2,J376arep,J376a,Y
plate1-6.0,J376b,J376b,Y
plate1-6.1,J376b,J376b,Y
plate1-6.2,J376b,J376b,Y
plate1-6.0,J376c,J376c,Y
plate1-6.1,J376c,J376c,Y
plate1-6.2,J376c,J376c,Y
plate1-6.0,J376d,J376d,Y
plate1-6.1,J376d,J376d,Y
plate1-6.2,J376d,J376d,Y
plate1-6.0,J376e,J376e,Y
plate1-6.1,J376e,J376e,Y
plate1-6.2,J376e,J376e,Y
plate1-6.0,J376f,J376f,Y
plate1-6.1,J376f,J376f,Y
plate1-6.2,J376f,J376f,Y
plate1-6.0,J376g,J376g,Y
plate1-6.1,J376g,J376g,Y
plate1-6.2,J376g,J376g,Y
plate1-6.0,J376h,J376h,Y
plate1-6.1,J376h,J376h,Y
plate1-6.2,J376h,J376h,Y
plate1-6.0,J376i,J376i,Y
plate1-6.1,J376i,J376i,Y
plate1-6.2,J376i,J376i,Y
plate1-6.0,J377,J377,Y
plate1-6.1,J377,J377,Y
plate1-6.2,J377,J377,Y
plate1-6.0,J377a,J377a,Y
plate1-6.1,J377a,J377a,Y
plate1-6.2,J377a,J377a,Y
plate1-6.0,J377b,J377b,Y
plate1-6.1,J377b,J377b,Y
plate1-6.2,J377b,J377b,Y
plate1-6.0,J377c,J377c,Y
plate1-6.1,J377c,J377c,Y
plate1-6.2,J377c,J377c,Y
plate1-6.0,J377d,J377d,Y
plate1-6.1,J377d,J377d,Y
plate1-6.2,J377d,J377d,Y
plate1-6.0,J377e,J377e,Y
plate1-6.1,J377e,J377e,Y
plate1-6.2,J377e,J377e,Y
plate1-6.0,J377e-rep,J377e,Y
plate1-6.1,J377e-rep,J377e,Y
plate1-6.2,J377erep,J377e,Y
oxley.1,J377f,J377f,Y
plate1-6.0,J377g,J377g,Y
plate1-6.1,J377g,J377g,Y
plate1-6.2,J377g,J377g,Y
plate1-6.0,J377h,J377h,Y
plate1-6.1,J377h,J377h,Y
plate1-6.2,J377h,J377h,Y
plate1-6.0,J377i,J377i,Y
plate1-6.1,J377i,J377i,Y
plate1-6.2,J377i,J377i,Y
plate1-6.0,J379,J379,Y
plate1-6.1,J379,J379,Y
plate1-6.2,J379,J379,Y
plate1.1,J379-NextRAD,J379,Y
plate1.1,J379-WGS,J379,Y
plate1.2,J379-WGS,J379,Y
plate1-6.0,J381,J381,Y
plate1-6.1,J381,J381,Y
plate1-6.2,J381,J381,Y
plate1.1,J381-NextRAD,J381,Y
plate1.1,J381-WGS,J381,Y
plate1.2,J381-WGS,J381,Y
oxley.1,J382,J382,Y
plate1-6.0,J382a,J382a,Y
plate1-6.1,J382a,J382a,Y
plate1-6.2,J382a,J382a,Y
plate1-6.0,J382b,J382b,Y
plate1-6.1,J382b,J382b,Y
plate1-6.2,J382b,J382b,Y
plate1-6.0,J382c,J382c,Y
plate1-6.1,J382c,J382c,Y
plate1-6.2,J382c,J382c,Y
plate1-6.0,J382d,J382d,Y
plate1-6.1,J382d,J382d,Y
plate1-6.2,J382d,J382d,Y
plate1-6.0,J382e,J382e,Y
plate1-6.1,J382e,J382e,Y
plate1-6.2,J382e,J382e,Y
plate1-6.0,J382f,J382f,Y
plate1-6.1,J382f,J382f,Y
plate1-6.2,J382f,J382f,Y
plate1-6.0,J382g,J382g,Y
plate1-6.1,J382g,J382g,Y
plate1-6.2,J382g,J382g,Y
plate1-6.0,J382h,J382h,Y
plate1-6.1,J382h,J382h,Y
plate1-6.2,J382h,J382h,Y
plate1-6.0,J382i,J382i,Y
plate1-6.1,J382i,J382i,Y
plate1-6.2,J382i,J382i,Y
plate1-6.0,J383,J383,Y
plate1-6.1,J383,J383,Y
plate1-6.2,J383,J383,Y
plate1.1,J383-NextRAD,J383,Y
plate1.1,J383-WGS,J383,Y
plate1.2,J383-WGS,J383,Y
plate1-6.0,J385,J385,Y
plate1-6.1,J385,J385,Y
plate1-6.2,J385,J385,Y
plate1.1,J385-NextRAD,J385,Y
plate1-6.0,J385-rep,J385,Y
plate1-6.1,J385-rep,J385,Y
plate1.1,J385-WGS,J385,Y
plate1.2,J385-WGS,J385,Y
plate1-6.2,J385rep,J385,Y
plate1-6.0,J385a,J385a,Y
plate1-6.1,J385a,J385a,Y
plate1-6.2,J385a,J385a,Y
plate1-6.0,J385b,J385b,Y
plate1-6.1,J385b,J385b,Y
plate1-6.2,J385b,J385b,Y
plate1-6.0,J385c,J385c,Y
plate1-6.1,J385c,J385c,Y
plate1-6.2,J385c,J385c,Y
plate1-6.0,J385d,J385d,Y
plate1-6.1,J385d,J385d,Y
plate1-6.2,J385d,J385d,Y
plate1-6.0,J385e,J385e,Y
plate1-6.1,J385e,J385e,Y
plate1-6.2,J385e,J385e,Y
plate1-6.0,J385f,J385f,Y
plate1-6.1,J385f,J385f,Y
plate1-6.2,J385f,J385f,Y
plate1-6.0,J385g,J385g,Y
plate1-6.1,J385g,J385g,Y
plate1-6.2,J385g,J385g,Y
plate1-6.0,J385h,J385h,Y
plate1-6.1,J385h,J385h,Y
plate1-6.2,J385h,J385h,Y
plate1-6.0,J385i,J385i,Y
plate1-6.1,J385i,J385i,Y
plate1-6.2,J385i,J385i,Y
plate1-6.0,J386,J386,Y
plate1-6.1,J386,J386,Y
plate1-6.2,J386,J386,Y
plate1-6.0,J386a,J386a,Y
plate1-6.1,J386a,J386a,Y
plate1-6.2,J386a,J386a,Y
plate1-6.0,J386b,J386b,Y
plate1-6.1,J386b,J386b,Y
plate1-6.2,J386b,J386b,Y
plate1-6.0,J386c,J386c,Y
plate1-6.1,J386c,J386c,Y
plate1-6.2,J386c,J386c,Y
plate1-6.0,J386d,J386d,Y
plate1-6.1,J386d,J386d,Y
plate1-6.2,J386d,J386d,Y
plate1-6.0,J386e,J386e,Y
plate1-6.1,J386e,J386e,Y
plate1-6.2,J386e,J386e,Y
plate1-6.0,J386f,J386f,Y
plate1-6.1,J386f,J386f,Y
plate1-6.2,J386f,J386f,Y
plate1-6.0,J386g,J386g,Y
plate1-6.1,J386g,J386g,Y
plate1-6.2,J386g,J386g,Y
plate1-6.0,J386h,J386h,Y
plate1-6.1,J386h,J386h,Y
plate1-6.2,J386h,J386h,Y
plate1-6.0,J386i,J386i,Y
plate1-6.1,J386i,J386i,Y
plate1-6.2,J386i,J386i,Y
plate1-6.0,J387,J387,Y
plate1-6.1,J387,J387,Y
plate1-6.2,J387,J387,Y
plate1.1,J387-NextRAD,J387,Y
plate1.1,J387-WGS,J387,Y
plate1.2,J387-WGS,J387,Y
plate1-6.0,J387a,J387a,Y
plate1-6.1,J387a,J387a,Y
plate1-6.2,J387a,J387a,Y
plate1-6.0,J387b,J387b,Y
plate1-6.1,J387b,J387b,Y
plate1-6.2,J387b,J387b,Y
plate1-6.0,J387c,J387c,Y
plate1-6.1,J387c,J387c,Y
plate1-6.2,J387c,J387c,Y
plate1-6.0,J387d,J387d,Y
plate1-6.1,J387d,J387d,Y
plate1-6.2,J387d,J387d,Y
plate1-6.0,J387e,J387e,Y
plate1-6.1,J387e,J387e,Y
plate1-6.2,J387e,J387e,Y
plate1-6.0,J387f,J387f,Y
plate1-6.1,J387f,J387f,Y
plate1-6.2,J387f,J387f,Y
plate1-6.0,J387g,J387g,Y
plate1-6.1,J387g,J387g,Y
plate1-6.2,J387g,J387g,Y
plate1-6.0,J387h,J387h,Y
plate1-6.1,J387h,J387h,Y
plate1-6.2,J387h,J387h,Y
plate1-6.0,J387i,J387i,Y
plate1-6.1,J387i,J387i,Y
plate1-6.2,J387i,J387i,Y
plate1-6.0,J388,J388,Y
plate1-6.1,J388,J388,Y
plate1-6.2,J388,J388,Y
plate1-6.0,J388a,J388a,Y
plate1-6.1,J388a,J388a,Y
plate1-6.2,J388a,J388a,Y
plate1-6.0,J388b,J388b,Y
plate1-6.1,J388b,J388b,Y
plate1-6.2,J388b,J388b,Y
plate1-6.0,J388c,J388c,Y
plate1-6.1,J388c,J388c,Y
plate1-6.2,J388c,J388c,Y
plate1-6.0,J388d,J388d,Y
plate1-6.1,J388d,J388d,Y
plate1-6.2,J388d,J388d,Y
plate1-6.0,J388e,J388e,Y
plate1-6.1,J388e,J388e,Y
plate1-6.2,J388e,J388e,Y
plate1-6.0,J388f,J388f,Y
plate1-6.1,J388f,J388f,Y
plate1-6.2,J388f,J388f,Y
plate1-6.0,J388g,J388g,Y
plate1-6.1,J388g,J388g,Y
plate1-6.2,J388g,J388g,Y
plate1-6.0,J388h,J388h,Y
plate1-6.1,J388h,J388h,Y
plate1-6.2,J388h,J388h,Y
plate1-6.0,J388i,J388i,Y
plate1-6.1,J388i,J388i,Y
plate1-6.2,J388i,J388i,Y
plate1-6.0,J389,J389,Y
plate1-6.1,J389,J389,Y
plate1-6.2,J389,J389,Y
plate1.1,J389-NextRAD,J389,Y
plate1.1,J389-WGS,J389,Y
plate1.2,J389-WGS,J389,Y
plate1-6.0,J390,J390,Y
plate1-6.1,J390,J390,Y
plate1-6.2,J390,J390,Y
plate1-6.0,J390a,J390a,Y
plate1-6.1,J390a,J390a,Y
plate1-6.2,J390a,J390a,Y
plate1-6.0,J390a-rep,J390a,Y
plate1-6.1,J390a-rep,J390a,Y
plate1-6.2,J390arep,J390a,Y
plate1-6.0,J390b,J390b,Y
plate1-6.1,J390b,J390b,Y
plate1-6.2,J390b,J390b,Y
plate1-6.0,J392,J392,Y
plate1-6.1,J392,J392,Y
plate1-6.2,J392,J392,Y
plate2,J392,J392,Y
plate1-6.0,J393,J393,Y
plate1-6.1,J393,J393,Y
plate1-6.2,J393,J393,Y
plate1.1,J393-NextRAD,J393,Y
plate1.1,J393-WGS,J393,Y
plate1.2,J393-WGS,J393,Y
plate1-6.0,J393a,J393a,Y
plate1-6.1,J393a,J393a,Y
plate1-6.2,J393a,J393a,Y
plate1-6.0,J393b,J393b,Y
plate1-6.1,J393b,J393b,Y
plate1-6.2,J393b,J393b,Y
plate1-6.0,J393c,J393c,Y
plate1-6.1,J393c,J393c,Y
plate1-6.2,J393c,J393c,Y
plate1-6.0,J393d,J393d,Y
plate1-6.1,J393d,J393d,Y
plate1-6.2,J393d,J393d,Y
plate1-6.0,J393e,J393e,Y
plate1-6.1,J393e,J393e,Y
plate1-6.2,J393e,J393e,Y
plate1-6.0,J393f,J393f,Y
plate1-6.1,J393f,J393f,Y
plate1-6.2,J393f,J393f,Y
plate1-6.0,J393g,J393g,Y
plate1-6.1,J393g,J393g,Y
plate1-6.2,J393g,J393g,Y
plate1-6.0,J393h,J393h,Y
plate1-6.1,J393h,J393h,Y
plate1-6.2,J393h,J393h,Y
plate1-6.0,J393i,J393i,Y
plate1-6.1,J393i,J393i,Y
plate1-6.2,J393i,J393i,Y
plate1-6.0,J394,J394,Y
plate1-6.1,J394,J394,Y
plate1-6.2,J394,J394,Y
plate1-6.0,J394a,J394a,Y
plate1-6.1,J394a,J394a,Y
plate1-6.2,J394a,J394a,Y
plate1-6.0,J394b,J394b,Y
plate1-6.1,J394b,J394b,Y
plate1-6.2,J394b,J394b,Y
plate1-6.0,J394c,J394c,Y
plate1-6.1,J394c,J394c,Y
plate1-6.2,J394c,J394c,Y
plate1-6.0,J394d,J394d,Y
plate1-6.1,J394d,J394d,Y
plate1-6.2,J394d,J394d,Y
plate1-6.0,J394e,J394e,Y
plate1-6.1,J394e,J394e,Y
plate1-6.2,J394e,J394e,Y
plate1-6.0,J394f,J394f,Y
plate1-6.1,J394f,J394f,Y
plate1-6.2,J394f,J394f,Y
plate1-6.0,J394g,J394g,Y
plate1-6.1,J394g,J394g,Y
plate1-6.2,J394g,J394g,Y
plate1-6.0,J395,J395,Y
plate1-6.1,J395,J395,Y
plate1-6.2,J395,J395,Y
plate1.1,J395-NextRAD,J395,Y
plate1.1,J395-WGS,J395,Y
plate1.2,J395-WGS,J395,Y
plate1-6.0,J395A,J395a,Y
plate1-6.1,J395A,J395a,Y
plate1-6.2,J395A,J395a,Y
oxley.1,J395a-rep,J395a,Y
plate1-6.0,J395B,J395b,Y
plate1-6.1,J395B,J395b,Y
plate1-6.2,J395B,J395b,Y
plate1-6.0,J395C,J395c,Y
plate1-6.1,J395C,J395c,Y
plate1-6.2,J395C,J395c,Y
plate1-6.0,J395D,J395d,Y
plate1-6.1,J395D,J395d,Y
plate1-6.2,J395D,J395d,Y
plate1-6.0,J395E,J395e,Y
plate1-6.1,J395E,J395e,Y
plate1-6.2,J395E,J395e,Y
plate1-6.0,J395H,J395h,Y
plate1-6.1,J395H,J395h,Y
plate1-6.2,J395H,J395h,Y
plate1-6.0,J397,J397,Y
plate1-6.1,J397,J397,Y
plate1-6.2,J397,J397,Y
plate2,J397,J397,
plate1-6.0,J398,J398,Y
plate1-6.1,J398,J398,Y
plate1-6.2,J398,J398,Y
plate1.1,J398-NextRAD,J398,Y
plate1.1,J398-WGS,J398,Y
plate1.2,J398-WGS,J398,Y
plate1-6.0,J399,J399,Y
plate1-6.1,J399,J399,Y
plate1-6.2,J399,J399,Y
plate2,J399,J399,Y
plate1-6.0,J400,J400,Y
plate1-6.1,J400,J400,Y
plate1-6.2,J400,J400,Y
plate2,J400,J400,Y
oxley.1,J401,J401,Y
plate1-6.0,J401,J401,Y
plate1-6.1,J401,J401,Y
plate1-6.2,J401,J401,Y
plate2,J401,J401,Y
plate1-6.0,J401a,J401a,Y
plate1-6.1,J401a,J401a,Y
plate1-6.2,J401a,J401a,Y
plate1-6.0,J401b,J401b,Y
plate1-6.1,J401b,J401b,Y
plate1-6.2,J401b,J401b,Y
plate1-6.0,J401c,J401c,Y
plate1-6.1,J401c,J401c,Y
plate1-6.2,J401c,J401c,Y
plate1-6.0,J401d,J401d,Y
plate1-6.1,J401d,J401d,Y
plate1-6.2,J401d,J401d,Y
plate1-6.0,J401e,J401e,Y
plate1-6.1,J401e,J401e,Y
plate1-6.2,J401e,J401e,Y
plate1-6.0,J401f,J401f,Y
plate1-6.1,J401f,J401f,Y
plate1-6.2,J401f,J401f,Y
plate1-6.0,J401g,J401g,Y
plate1-6.1,J401g,J401g,Y
plate1-6.2,J401g,J401g,Y
plate1-6.0,J401h,J401h,Y
plate1-6.1,J401h,J401h,Y
plate1-6.2,J401h,J401h,Y
oxley.1,J401i,J401i,Y
plate1-6.0,J402,J402,Y
plate1-6.1,J402,J402,Y
plate1-6.2,J402,J402,Y
plate2,J402,J402,Y
plate1-6.0,J403,J403,Y
plate1-6.1,J403,J403,Y
plate1-6.2,J403,J403,Y
plate2,J403,J403,Y
plate1-6.0,J404,J404,Y
plate1-6.1,J404,J404,Y
plate1-6.2,J404,J404,Y
plate2,J404,J404,Y
oxley.1,J405,J405,Y
plate1-6.0,J405,J405,Y
plate1-6.1,J405,J405,Y
plate1-6.2,J405,J405,Y
plate2,J405,J405,Y
plate1-6.0,J405a,J405a,Y
plate1-6.1,J405a,J405a,Y
plate1-6.2,J405a,J405a,Y
plate1-6.0,J405b,J405b,Y
plate1-6.1,J405b,J405b,Y
plate1-6.2,J405b,J405b,Y
plate1-6.0,J405c,J405c,Y
plate1-6.1,J405c,J405c,Y
plate1-6.2,J405c,J405c,Y
plate1-6.0,J405d,J405d,Y
plate1-6.1,J405d,J405d,Y
plate1-6.2,J405d,J405d,Y
plate1-6.0,J405e,J405e,Y
plate1-6.1,J405e,J405e,Y
plate1-6.2,J405e,J405e,Y
plate1-6.0,J405f,J405f,Y
plate1-6.1,J405f,J405f,Y
plate1-6.2,J405f,J405f,Y
plate1-6.0,J405g,J405g,Y
plate1-6.1,J405g,J405g,Y
plate1-6.2,J405g,J405g,Y
plate1-6.0,J405h,J405h,Y
plate1-6.1,J405h,J405h,Y
plate1-6.2,J405h,J405h,Y
plate1-6.0,J405i,J405i,Y
plate1-6.1,J405i,J405i,Y
plate1-6.2,J405i,J405i,Y
oxley.1,J406,J406,Y
plate1-6.0,J406,J406,Y
plate1-6.1,J406,J406,Y
plate1-6.2,J406,J406,Y
plate2,J406,J406,Y
plate1-6.0,J406a,J406a,Y
plate1-6.1,J406a,J406a,Y
plate1-6.2,J406a,J406a,Y
plate1-6.0,J406b,J406b,Y
plate1-6.1,J406b,J406b,Y
plate1-6.2,J406b,J406b,Y
plate1-6.0,J406c,J406c,Y
plate1-6.1,J406c,J406c,Y
plate1-6.2,J406c,J406c,Y
plate1-6.0,J406d,J406d,Y
plate1-6.1,J406d,J406d,Y
plate1-6.2,J406d,J406d,Y
plate1-6.0,J406e,J406e,Y
plate1-6.1,J406e,J406e,Y
plate1-6.2,J406e,J406e,Y
plate1-6.0,J406f,J406f,Y
plate1-6.1,J406f,J406f,Y
plate1-6.2,J406f,J406f,Y
plate1-6.0,J406g,J406g,Y
plate1-6.1,J406g,J406g,Y
plate1-6.2,J406g,J406g,Y
plate1-6.0,J406h,J406h,Y
plate1-6.1,J406h,J406h,Y
plate1-6.2,J406h,J406h,Y
plate1-6.0,J406i,J406i,Y
plate1-6.1,J406i,J406i,Y
plate1-6.2,J406i,J406i,Y
plate1-6.0,J407,J407,Y
plate1-6.1,J407,J407,Y
plate1-6.2,J407,J407,Y
plate2,J407,J407,Y
plate1-6.0,J408,J408,Y
plate1-6.1,J408,J408,Y
plate1-6.2,J408,J408,Y
plate2,J408,J408,Y
plate1-6.0,J411,J411,Y
plate1-6.1,J411,J411,Y
plate1-6.2,J411,J411,Y
plate2,J411,J411,Y
plate1-6.0,J412,J412,Y
plate1-6.1,J412,J412,Y
plate1-6.2,J412,J412,Y
plate2,J412,J412,Y
oxley.1,J413,J413,Y
plate1-6.0,J413,J413,Y
plate1-6.1,J413,J413,Y
plate1-6.2,J413,J413,Y
plate2,J413,J413,Y
plate1-6.0,J413a,J413a,Y
plate1-6.1,J413a,J413a,Y
plate1-6.2,J413a,J413a,Y
oxley.1,J413b,J413b,Y
plate1-6.0,J413c,J413c,Y
plate1-6.1,J413c,J413c,Y
plate1-6.2,J413c,J413c,Y
oxley.1,J413d,J413d,Y
oxley.1,J413e,J413e,Y
plate1-6.0,J413f,J413f,Y
plate1-6.1,J413f,J413f,Y
plate1-6.2,J413f,J413f,Y
oxley.1,J413g,J413g,Y
oxley.1,J413h,J413h,Y
oxley.1,J413i,J413i,Y
plate1-6.0,J414,J414,Y
plate1-6.1,J414,J414,Y
plate1-6.2,J414,J414,Y
plate2,J414,J414,Y
plate1-6.0,J414a,J414a,Y
plate1-6.1,J414a,J414a,Y
plate1-6.2,J414a,J414a,Y
plate1-6.0,J414b,J414b,Y
plate1-6.1,J414b,J414b,Y
plate1-6.2,J414b,J414b,Y
plate1-6.0,J414c,J414c,Y
plate1-6.1,J414c,J414c,Y
plate1-6.2,J414c,J414c,Y
oxley.1,J414d,J414d,Y
plate1-6.0,J416,J416,Y
plate1-6.1,J416,J416,Y
plate1-6.2,J416,J416,Y
plate2,J416,J416,Y
plate1-6.0,J416a,J416a,Y
plate1-6.1,J416a,J416a,Y
plate1-6.2,J416a,J416a,Y
plate1-6.0,J416b,J416b,Y
plate1-6.1,J416b,J416b,Y
plate1-6.2,J416b,J416b,Y
plate1-6.0,J416c,J416c,Y
plate1-6.1,J416c,J416c,Y
plate1-6.2,J416c,J416c,Y
plate1-6.0,J416d,J416d,Y
plate1-6.1,J416d,J416d,Y
plate1-6.2,J416d,J416d,Y
plate1-6.0,J416e,J416e,Y
plate1-6.1,J416e,J416e,Y
plate1-6.2,J416e,J416e,Y
plate1-6.0,J416f,J416f,Y
plate1-6.1,J416f,J416f,Y
plate1-6.2,J416f,J416f,Y
plate1-6.0,J416g,J416g,Y
plate1-6.1,J416g,J416g,Y
plate1-6.2,J416g,J416g,Y
plate1-6.0,J416h,J416h,Y
plate1-6.1,J416h,J416h,Y
plate1-6.2,J416h,J416h,Y
plate1-6.0,J416i,J416i,Y
plate1-6.1,J416i,J416i,Y
plate1-6.2,J416i,J416i,Y
plate1-6.0,J417,J417,Y
plate1-6.1,J417,J417,Y
plate1-6.2,J417,J417,Y
plate2,J417,J417,Y
plate1-6.0,J418,J418,Y
plate1-6.1,J418,J418,Y
plate1-6.2,J418,J418,Y
plate2,J418,J418,Y
plate1-6.0,J418a,J418a,Y
plate1-6.1,J418a,J418a,Y
plate1-6.2,J418a,J418a,Y
plate1-6.0,J418b,J418b,Y
plate1-6.1,J418b,J418b,Y
plate1-6.2,J418b,J418b,Y
plate1-6.0,J418c,J418c,Y
plate1-6.1,J418c,J418c,Y
plate1-6.2,J418c,J418c,Y
oxley.1,J418d,J418d,Y
plate1-6.0,J418e,J418e,Y
plate1-6.1,J418e,J418e,Y
plate1-6.2,J418e,J418e,Y
oxley.1,J418f,J418f,NO_bwa_doesnt_like_it
plate1-6.0,J418g,J418g,Y
plate1-6.1,J418g,J418g,Y
plate1-6.2,J418g,J418g,Y
plate1-6.0,J418h,J418h,Y
plate1-6.1,J418h,J418h,Y
plate1-6.2,J418h,J418h,Y
plate1-6.0,J418i,J418i,Y
plate1-6.1,J418i,J418i,Y
plate1-6.2,J418i,J418i,Y
plate1-6.0,J419,J419,Y
plate1-6.1,J419,J419,Y
plate1-6.2,J419,J419,Y
plate2,J419,J419,Y
plate1-6.0,J419a,J419a,Y
plate1-6.1,J419a,J419a,Y
plate1-6.2,J419a,J419a,Y
plate1-6.0,J419b,J419b,Y
plate1-6.1,J419b,J419b,Y
plate1-6.2,J419b,J419b,Y
plate1-6.0,J419c,J419c,Y
plate1-6.1,J419c,J419c,Y
plate1-6.2,J419c,J419c,Y
plate1-6.0,J419d,J419d,Y
plate1-6.1,J419d,J419d,Y
plate1-6.2,J419d,J419d,Y
plate1-6.0,J419e,J419e,Y
plate1-6.1,J419e,J419e,Y
plate1-6.2,J419e,J419e,Y
plate1-6.0,J419f,J419f,Y
plate1-6.1,J419f,J419f,Y
plate1-6.2,J419f,J419f,Y
plate1-6.0,J419g,J419g,Y
plate1-6.1,J419g,J419g,Y
plate1-6.2,J419g,J419g,Y
plate1-6.0,J419h,J419h,Y
plate1-6.1,J419h,J419h,Y
plate1-6.2,J419h,J419h,Y
plate1-6.0,J419i,J419i,Y
plate1-6.1,J419i,J419i,Y
plate1-6.2,J419i,J419i,Y
plate1-6.0,J420,J420,Y
plate1-6.1,J420,J420,Y
plate1-6.2,J420,J420,Y
plate2,J420,J420,Y
plate1-6.0,J421,J421,Y
plate1-6.1,J421,J421,Y
plate1-6.2,J421,J421,Y
plate2,J421,J421,Y
oxley.1,J421a,J421a,Y
plate1-6.0,J421b,J421b,Y
plate1-6.1,J421b,J421b,Y
plate1-6.2,J421b,J421b,Y
oxley.1,J421c,J421c,Y
oxley.1,J421d,J421d,Y
oxley.1,J421e,J421e,Y
oxley.1,J421f,J421f,Y
oxley.1,J421g,J421g,Y
oxley.1,J421h,J421h,Y
oxley.1,J421i,J421i,Y
oxley.1,J422,J422,Y
plate1-6.0,J422,J422,Y
plate1-6.1,J422,J422,Y
plate1-6.2,J422,J422,Y
plate2,J422,J422,Y
plate1-6.0,J422a,J422a,Y
plate1-6.1,J422a,J422a,Y
plate1-6.2,J422a,J422a,Y
oxley.1,J422b,J422b,Y
plate1-6.0,J422c,J422c,Y
plate1-6.1,J422c,J422c,Y
plate1-6.2,J422c,J422c,Y
oxley.1,J422d,J422d,Y
plate1-6.0,J422e,J422e,Y
plate1-6.1,J422e,J422e,Y
plate1-6.2,J422e,J422e,Y
plate1-6.0,J422e-rep,J422e,Y
plate1-6.1,J422e-rep,J422e,Y
plate1-6.2,J422erep,J422e,Y
plate1-6.0,J422f,J422f,Y
plate1-6.1,J422f,J422f,Y
plate1-6.2,J422f,J422f,Y
plate1-6.0,J422g,J422g,Y
plate1-6.1,J422g,J422g,Y
plate1-6.2,J422g,J422g,Y
oxley.1,J422h,J422h,Y
oxley.1,J422i,J422i,Y
plate1-6.0,J423,J423,Y
plate1-6.1,J423,J423,Y
plate1-6.2,J423,J423,Y
plate2,J423,J423,Y
plate1-6.0,J424,J424,Y
plate1-6.1,J424,J424,Y
plate1-6.2,J424,J424,Y
plate2,J424,J424,Y
plate1-6.0,J424a,J424a,Y
plate1-6.1,J424a,J424a,Y
plate1-6.2,J424a,J424a,Y
plate1-6.0,J424b,J424b,Y
plate1-6.1,J424b,J424b,Y
plate1-6.2,J424b,J424b,Y
plate1-6.0,J424c,J424c,Y
plate1-6.1,J424c,J424c,Y
plate1-6.2,J424c,J424c,Y
plate1-6.0,J424d,J424d,Y
plate1-6.1,J424d,J424d,Y
plate1-6.2,J424d,J424d,Y
plate1-6.0,J424e,J424e,Y
plate1-6.1,J424e,J424e,Y
plate1-6.2,J424e,J424e,Y
plate1-6.0,J424f,J424f,Y
plate1-6.1,J424f,J424f,Y
plate1-6.2,J424f,J424f,Y
plate1-6.0,J424g,J424g,Y
plate1-6.1,J424g,J424g,Y
plate1-6.2,J424g,J424g,Y
oxley.1,J424h,J424h,Y
oxley.1,J424i,J424i,Y
plate1-6.0,J425,J425,Y
plate1-6.1,J425,J425,Y
plate1-6.2,J425,J425,Y
plate1-6.0,J425a,J425a,Y
plate1-6.1,J425a,J425a,Y
plate1-6.2,J425a,J425a,Y
plate1-6.0,J425b,J425b,Y
plate1-6.1,J425b,J425b,Y
plate1-6.2,J425b,J425b,Y
plate1-6.0,J425c,J425c,Y
plate1-6.1,J425c,J425c,Y
plate1-6.2,J425c,J425c,Y
plate1-6.0,J425d,J425d,Y
plate1-6.1,J425d,J425d,Y
plate1-6.2,J425d,J425d,Y
plate1-6.0,J425e,J425e,Y
plate1-6.1,J425e,J425e,Y
plate1-6.2,J425e,J425e,Y
plate1-6.0,J425f,J425f,Y
plate1-6.1,J425f,J425f,Y
plate1-6.2,J425f,J425f,Y
plate1-6.0,J425g,J425g,Y
plate1-6.1,J425g,J425g,Y
plate1-6.2,J425g,J425g,Y
plate1-6.0,J425h,J425h,Y
plate1-6.1,J425h,J425h,Y
plate1-6.2,J425h,J425h,Y
plate1-6.0,J425i,J425i,Y
plate1-6.1,J425i,J425i,Y
plate1-6.2,J425i,J425i,Y
plate1-6.0,J426,J426,Y
plate1-6.1,J426,J426,Y
plate1-6.2,J426,J426,Y
plate1-6.0,J426a,J426a,Y
plate1-6.1,J426a,J426a,Y
plate1-6.2,J426a,J426a,Y
plate1-6.0,J426b,J426b,Y
plate1-6.1,J426b,J426b,Y
plate1-6.2,J426b,J426b,Y
plate1-6.0,J426c,J426c,Y
plate1-6.1,J426c,J426c,Y
plate1-6.2,J426c,J426c,Y
plate1-6.0,J426d,J426d,Y
plate1-6.1,J426d,J426d,Y
plate1-6.2,J426d,J426d,Y
oxley.1,J426e,J426e,Y
plate1-6.0,J426f,J426f,Y
plate1-6.1,J426f,J426f,Y
plate1-6.2,J426f,J426f,Y
plate1-6.0,J426g,J426g,Y
plate1-6.1,J426g,J426g,Y
plate1-6.2,J426g,J426g,Y
plate1-6.0,J426h,J426h,Y
plate1-6.1,J426h,J426h,Y
plate1-6.2,J426h,J426h,Y
plate1-6.0,J426i,J426i,Y
plate1-6.1,J426i,J426i,Y
plate1-6.2,J426i,J426i,Y
plate1-6.0,J427,J427,Y
plate1-6.1,J427,J427,Y
plate1-6.2,J427,J427,Y
plate2,J427,J427,Y
plate1-6.0,J427a,J427a,Y
plate1-6.1,J427a,J427a,Y
plate1-6.2,J427a,J427a,Y
plate2,J427a,J427a,Y
plate1-6.0,J428,J428,Y
plate1-6.1,J428,J428,Y
plate1-6.2,J428,J428,Y
plate1-6.0,J428a,J428a,Y
plate1-6.1,J428a,J428a,Y
plate1-6.2,J428a,J428a,Y
plate1-6.0,J428b,J428b,Y
plate1-6.1,J428b,J428b,Y
plate1-6.2,J428b,J428b,Y
plate1-6.0,J428c,J428c,Y
plate1-6.1,J428c,J428c,Y
plate1-6.2,J428c,J428c,Y
plate1-6.0,J428d,J428d,Y
plate1-6.1,J428d,J428d,Y
plate1-6.2,J428d,J428d,Y
plate1-6.0,J428e,J428e,Y
plate1-6.1,J428e,J428e,Y
plate1-6.2,J428e,J428e,Y
plate1-6.0,J428f,J428f,Y
plate1-6.1,J428f,J428f,Y
plate1-6.2,J428f,J428f,Y
plate1-6.0,J428g,J428g,Y
plate1-6.1,J428g,J428g,Y
plate1-6.2,J428g,J428g,Y
plate1-6.0,J428h,J428h,Y
plate1-6.1,J428h,J428h,Y
plate1-6.2,J428h,J428h,Y
plate1-6.0,J428i,J428i,Y
plate1-6.1,J428i,J428i,Y
plate1-6.2,J428i,J428i,Y
plate1-6.0,J429,J429,Y
plate1-6.1,J429,J429,Y
plate1-6.2,J429,J429,Y
plate1-6.0,J429a,J429a,Y
plate1-6.1,J429a,J429a,Y
plate1-6.2,J429a,J429a,Y
plate1-6.0,J429b,J429b,Y
plate1-6.1,J429b,J429b,Y
plate1-6.2,J429b,J429b,Y
plate1-6.0,J429c,J429c,Y
plate1-6.1,J429c,J429c,Y
plate1-6.2,J429c,J429c,Y
plate1-6.0,J429d,J429d,Y
plate1-6.1,J429d,J429d,Y
plate1-6.2,J429d,J429d,Y
plate1-6.0,J429e,J429e,Y
plate1-6.1,J429e,J429e,Y
plate1-6.2,J429e,J429e,Y
plate1-6.0,J429f,J429f,Y
plate1-6.1,J429f,J429f,Y
plate1-6.2,J429f,J429f,Y
plate1-6.0,J429g,J429g,Y
plate1-6.1,J429g,J429g,Y
plate1-6.2,J429g,J429g,Y
plate1-6.0,J429h,J429h,Y
plate1-6.1,J429h,J429h,Y
plate1-6.2,J429h,J429h,Y
plate1-6.0,J429i,J429i,Y
plate1-6.1,J429i,J429i,Y
plate1-6.2,J429i,J429i,Y
plate1-6.0,J430,J430,Y
plate1-6.1,J430,J430,Y
plate1-6.2,J430,J430,Y
plate1-6.0,J430a,J430a,Y
plate1-6.1,J430a,J430a,Y
plate1-6.2,J430a,J430a,Y
plate1-6.0,J430a-rep,J430a,Y
plate1-6.1,J430a-rep,J430a,Y
plate1-6.2,J430arep,J430a,Y
plate1-6.0,J430b,J430b,Y
plate1-6.1,J430b,J430b,Y
plate1-6.2,J430b,J430b,Y
plate1-6.0,J430c,J430c,Y
plate1-6.1,J430c,J430c,Y
plate1-6.2,J430c,J430c,Y
plate1-6.0,J430d,J430d,Y
plate1-6.1,J430d,J430d,Y
plate1-6.2,J430d,J430d,Y
plate1-6.0,J430e,J430e,Y
plate1-6.1,J430e,J430e,Y
plate1-6.2,J430e,J430e,Y
plate1-6.0,J430f,J430f,Y
plate1-6.1,J430f,J430f,Y
plate1-6.2,J430f,J430f,Y
plate1-6.0,J430g,J430g,Y
plate1-6.1,J430g,J430g,Y
plate1-6.2,J430g,J430g,Y
plate1-6.0,J430h,J430h,Y
plate1-6.1,J430h,J430h,Y
plate1-6.2,J430h,J430h,Y
plate1-6.0,J430i,J430i,Y
plate1-6.1,J430i,J430i,Y
plate1-6.2,J430i,J430i,Y
plate1-6.0,J431,J431,Y
plate1-6.1,J431,J431,Y
plate1-6.2,J431,J431,Y
plate2,J431,J431,Y
plate1-6.0,J432,J432,Y
plate1-6.1,J432,J432,Y
plate1-6.2,J432,J432,Y
plate2,J432,J432,Y
plate1-6.0,J433,J433,Y
plate1-6.1,J433,J433,Y
plate1-6.2,J433,J433,Y
plate1-6.0,J433a,J433a,Y
plate1-6.1,J433a,J433a,Y
plate1-6.2,J433a,J433a,Y
plate1-6.0,J433b,J433b,Y
plate1-6.1,J433b,J433b,Y
plate1-6.2,J433b,J433b,Y
plate1-6.0,J433c,J433c,Y
plate1-6.1,J433c,J433c,Y
plate1-6.2,J433c,J433c,Y
plate1-6.0,J433d,J433d,Y
plate1-6.1,J433d,J433d,Y
plate1-6.2,J433d,J433d,Y
plate1-6.0,J433e,J433e,Y
plate1-6.1,J433e,J433e,Y
plate1-6.2,J433e,J433e,Y
plate1-6.0,J433f,J433f,Y
plate1-6.1,J433f,J433f,Y
plate1-6.2,J433f,J433f,Y
plate1-6.0,J433g,J433g,Y
plate1-6.1,J433g,J433g,Y
plate1-6.2,J433g,J433g,Y
plate1-6.0,J433h,J433h,Y
plate1-6.1,J433h,J433h,Y
plate1-6.2,J433h,J433h,Y
oxley.1,J433i,J433i,Y
plate1-6.0,J434,J434,Y
plate1-6.1,J434,J434,Y
plate1-6.2,J434,J434,Y
plate1-6.0,J434a,J434a,Y
plate1-6.1,J434a,J434a,Y
plate1-6.2,J434a,J434a,Y
plate1-6.0,J434b,J434b,Y
plate1-6.1,J434b,J434b,Y
plate1-6.2,J434b,J434b,Y
plate1-6.0,J435,J435,Y
plate1-6.1,J435,J435,Y
plate1-6.2,J435,J435,Y
plate1-6.0,J435a,J435a,Y
plate1-6.1,J435a,J435a,Y
plate1-6.2,J435a,J435a,Y
plate1-6.0,J435b,J435b,Y
plate1-6.1,J435b,J435b,Y
plate1-6.2,J435b,J435b,Y
plate1-6.0,J435c,J435c,Y
plate1-6.1,J435c,J435c,Y
plate1-6.2,J435c,J435c,Y
plate1-6.0,J435d,J435d,Y
plate1-6.1,J435d,J435d,Y
plate1-6.2,J435d,J435d,Y
plate1-6.0,J435e,J435e,Y
plate1-6.1,J435e,J435e,Y
plate1-6.2,J435e,J435e,Y
plate1-6.0,J435f,J435f,Y
plate1-6.1,J435f,J435f,Y
plate1-6.2,J435f,J435f,Y
plate1-6.0,J435g,J435g,Y
plate1-6.1,J435g,J435g,Y
plate1-6.2,J435g,J435g,Y
plate1-6.0,J435h,J435h,Y
plate1-6.1,J435h,J435h,Y
plate1-6.2,J435h,J435h,Y
plate1-6.0,J435i,J435i,Y
plate1-6.1,J435i,J435i,Y
plate1-6.2,J435i,J435i,Y
plate1-6.0,J436,J436,Y
plate1-6.1,J436,J436,Y
plate1-6.2,J436,J436,Y
plate1-6.0,J436a,J436a,Y
plate1-6.1,J436a,J436a,Y
plate1-6.2,J436a,J436a,Y
plate1-6.0,J436b,J436b,Y
plate1-6.1,J436b,J436b,Y
plate1-6.2,J436b,J436b,Y
plate1-6.0,J436c,J436c,Y
plate1-6.1,J436c,J436c,Y
plate1-6.2,J436c,J436c,Y
plate1-6.0,J436c-rep,J436c,Y
plate1-6.1,J436c-rep,J436c,Y
plate1-6.2,J436crep,J436c,Y
plate1-6.0,J436d,J436d,Y
plate1-6.1,J436d,J436d,Y
plate1-6.2,J436d,J436d,Y
plate1-6.0,J436e,J436e,Y
plate1-6.1,J436e,J436e,Y
plate1-6.2,J436e,J436e,Y
plate1-6.0,J436f,J436f,Y
plate1-6.1,J436f,J436f,Y
plate1-6.2,J436f,J436f,Y
plate1-6.0,J436g,J436g,Y
plate1-6.1,J436g,J436g,Y
plate1-6.2,J436g,J436g,Y
plate1-6.0,J436h,J436h,Y
plate1-6.1,J436h,J436h,Y
plate1-6.2,J436h,J436h,Y
plate1-6.0,J436i,J436i,Y
plate1-6.1,J436i,J436i,Y
plate1-6.2,J436i,J436i,Y
plate1-6.0,J437,J437,Y
plate1-6.1,J437,J437,Y
plate1-6.2,J437,J437,Y
plate1-6.0,J438,J438,Y
plate1-6.1,J438,J438,Y
plate1-6.2,J438,J438,Y
plate1-6.0,M1c,MelMosaic,Y
plate1-6.1,M1c,MelMosaic,Y
plate1-6.2,M1c,MelMosaic,Y
plate2,M1c,MelMosaic,Y
plate1-6.0,M2a,MelMosaic,Y
plate1-6.1,M2a,MelMosaic,Y
plate1-6.2,M2a,MelMosaic,Y
plate2,M2a,MelMosaic,Y
plate1-6.0,M2b,MelMosaic,Y
plate1-6.1,M2b,MelMosaic,Y
plate1-6.2,M2b,MelMosaic,Y
plate2,M2b,MelMosaic,Y
plate1-6.0,NAL05,NAL05,Y
plate1-6.1,NAL05,NAL05,Y
plate1-6.2,NAL05,NAL05,Y
plate1.1,NAL05-NextRAD,NAL05,Y
plate1.1,NAL05-WGS,NAL05,Y
plate1.2,NAL05-WGS,NAL05,Y
plate1-6.0,NBJ30,NBJ30,Y
plate1-6.1,NBJ30,NBJ30,Y
plate1-6.2,NBJ30,NBJ30,Y
plate1.1,NBJ30-NextRAD,NBJ30,Y
plate1.1,NBJ30-WGS,NBJ30,Y
plate1.2,NBJ30-WGS,NBJ30,Y
plate1-6.0,NCD30,NCD30,Y
plate1-6.1,NCD30,NCD30,Y
plate1-6.2,NCD30,NCD30,Y
plate1.1,NCD30-NextRAD,NCD30,Y
plate1.1,NCD30-WGS,NCD30,Y
plate1.2,NCD30-WGS,NCD30,Y
plate1-6.0,NCR13,NCR13,Y
plate1-6.1,NCR13,NCR13,Y
plate1-6.2,NCR13,NCR13,Y
plate1.1,NCR13-NextRAD,NCR13,Y
plate1.1,NCR13-WGS,NCR13,Y
plate1.2,NCR13-WGS,NCR13,Y
plate1-6.0,NDU10,NDU10,Y
plate1-6.1,NDU10,NDU10,Y
plate1-6.2,NDU10,NDU10,Y
plate1.1,NDU10-NextRAD,NDU10,Y
plate1.1,NDU10-WGS,NDU10,Y
plate1.2,NDU10-WGS,NDU10,Y
plate1-6.0,NE10467,NE10467,Y
plate1-6.1,NE10467,NE10467,Y
plate1-6.2,NE10467,NE10467,Y
plate2,NE10467,NE10467,
plate1-6.0,NE25923,NE25923,Y
plate1-6.1,NE25923,NE25923,Y
plate1-6.2,NE25923,NE25923,Y
plate2,NE25923,NE25923,
plate1-6.0,NE25953,NE25953,Y
plate1-6.1,NE25953,NE25953,Y
plate1-6.2,NE25953,NE25953,Y
plate2,NE25953,NE25953,
plate1-6.0,NE35955,NE35955,Y
plate1-6.1,NE35955,NE35955,Y
plate1-6.2,NE35955,NE35955,Y
plate2,NE35955,NE35955,
plate1-6.0,NE35959,NE35959,Y
plate1-6.1,NE35959,NE35959,Y
plate1-6.2,NE35959,NE35959,Y
plate2,NE35959,NE35959,Y
plate1-6.0,NE36811,NE36811,Y
plate1-6.1,NE36811,NE36811,Y
plate1-6.2,NE36811,NE36811,Y
plate2,NE36811,NE36811,Y
plate1-6.0,NE37169,NE37169,Y
plate1-6.1,NE37169,NE37169,Y
plate1-6.2,NE37169,NE37169,Y
plate2,NE37169,NE37169,Y
plate1-6.0,NE37647,NE37647,Y
plate1-6.1,NE37647,NE37647,Y
plate1-6.2,NE37647,NE37647,Y
plate2,NE37647,NE37647,Y
plate1-6.0,NE4583,NE4583,Y
plate1-6.1,NE4583,NE4583,Y
plate1-6.2,NE4583,NE4583,Y
plate2,NE4583,NE4583,Y
plate1-6.0,NE67754,NE67754,Y
plate1-6.1,NE67754,NE67754,Y
plate1-6.2,NE67754,NE67754,Y
plate2,NE67754,NE67754,Y
plate1-6.0,NE90535,NE90535,Y
plate1-6.1,NE90535,NE90535,Y
plate1-6.2,NE90535,NE90535,Y
plate2,NE90535,NE90535,Y
plate1-6.0,RA1006,RA1006,Y
plate1-6.1,RA1006,RA1006,Y
plate1-6.2,RA1006,RA1006,Y
plate1.1,RA1006-NextRAD,RA1006,Y
plate1.1,RA1006-WGS,RA1006,Y
plate1.2,RA1006-WGS,RA1006,Y
plate1-6.0,RA1007,RA1007,Y
plate1-6.1,RA1007,RA1007,Y
plate1-6.2,RA1007,RA1007,Y
sra,SRR1386218,SRR1386218,Y
sra,SRR1386219,SRR1386219,Y
sra,SRR1386220,SRR1386220,Y
sra,SRR1386221,SRR1386221,Y
sra,SRR1386222,SRR1386222,Y
sra,SRR1392391,SRR1392391,Y
sra,SRR1392399,SRR1392399,Y
sra,SRR1392411,SRR1392411,Y
sra,SRR1392700,SRR1392700,Y
sra,SRR1448467,SRR1448467,Y
sra,SRR191872,SRR191872,Y
sra,SRR400875,SRR400875,Y
plate1-6.0,TLC715,TLC715,Y
plate1-6.1,TLC715,TLC715,Y
plate1-6.2,TLC715,TLC715,Y
plate1.1,TLC715-NextRAD,TLC715,Y
plate1.1,TLC715-WGS,TLC715,Y
plate1.2,TLC715-WGS,TLC715,Y
plate1-6.0,TLC720,TLC720,Y
plate1-6.1,TLC720,TLC720,Y
plate1-6.2,TLC720,TLC720,Y
plate1.1,TLC720-NextRAD,TLC720,Y
plate1.1,TLC720-WGS,TLC720,Y
plate1.2,TLC720-WGS,TLC720,Y
oxley.1,TLC724,TLC724,Y
plate1-6.0,TLC725,TLC725,Y
plate1-6.1,TLC725,TLC725,Y
plate1-6.2,TLC725,TLC725,Y
plate1.1,TLC725-NextRAD,TLC725,Y
plate1.1,TLC725-WGS,TLC725,Y
plate1.2,TLC725-WGS,TLC725,Y
plate1-6.0,TLC726,TLC726,Y
plate1-6.1,TLC726,TLC726,Y
plate1-6.2,TLC726,TLC726,Y
plate1.1,TLC726-NextRAD,TLC726,Y
plate1.1,TLC726-WGS,TLC726,Y
plate1.2,TLC726-WGS,TLC726,Y
oxley.1,TLC732,TLC732,Y
oxley.1,TLC734,TLC734,Y
oxley.1,TLC738-1,TLC738-1,Y
oxley.1,TLC739,TLC739,Y
oxley.1,TLC750,TLC750,Y
oxley.1,TLC757,TLC757,Y
oxley.1,TLC758,TLC758,Y
oxley.1,TLC760,TLC760,Y
oxley.1,TLC761,TLC761,Y
oxley.1,TLC764,TLC764,Y
plate1-6.0,TLC775,TLC775,Y
plate1-6.1,TLC775,TLC775,Y
plate1-6.2,TLC775,TLC775,Y
plate1.1,TLC775-NextRAD,TLC775,Y
plate1.1,TLC775-WGS,TLC775,Y
plate1.2,TLC775-WGS,TLC775,Y
oxley.1,TLC807,TLC807,Y
oxley.1,TLC827,TLC827,Y
oxley.1,TLC830,TLC830,Y
oxley.1,TLC831,TLC831,Y
oxley.1,TLC908,TLC908,Y
oxley.1,TLC909,TLC909,Y
oxley.1,TLC914,TLC914,Y
oxley.1,TLC915,TLC915,Y
oxley.1,TLC922-1,TLC922-1,Y
oxley.1,TLC922-2,TLC922-2,Y
oxley.1,TLC922-3,TLC922-3,Y
oxley.1,TLC922-4,TLC922-4,Y
oxley.1,TLC922-5,TLC922-5,Y
oxley.1,TLC946,TLC946,Y
oxley.1,TLC947,TLC947,Y
oxley.1,TLC948,TLC948,Y
oxley.1,TLC949,TLC949,Y
oxley.1,TLC950,TLC950,Y
oxley.1,TLC952-1,TLC952-1,Y
oxley.1,TLC952-2,TLC952-2,Y
oxley.1,TLC952-3,TLC952-3,Y
oxley.1,TLC952-4,TLC952-4,Y
oxley.1,TLC952-5,TLC952-5,Y
oxley.1,TLC953C,TLC953C,Y
oxley.1,TLC953E,TLC953E,Y
oxley.1,TLC963A,TLC963A,Y
oxley.1,TLC963C,TLC963C,Y
plate1-6.0,VMA18,VMA18,Y
plate1-6.1,VMA18,VMA18,Y
plate1-6.2,VMA18,VMA18,Y
plate2,VMA18,VMA18,Y
plate1.1,VMA18-NextRAD,VMA18,Y
plate1.1,VMA18-WGS,VMA18,Y
plate1.2,VMA18-WGS,VMA18,Y
plate2,VMG14,VWG14,Y
plate1-6.0,VWG14,VWG14,Y
plate1-6.1,VWG14,VWG14,Y
plate1-6.2,VWG14,VWG14,Y
plate1.1,VWG14-NextRAD,VWG14,Y
plate1.1,VWG14-WGS,VWG14,Y
plate1.2,VWG14-WGS,VWG14,Y
CCA01-02,EmelCSIRO-rep1,EmelCSIRO,Y
CCA01-02,CCA0137,CCA0137,Y
CCA01-02,CCA0164,CCA0164,Y
CCA01-02,CCA0465,CCA0465,Y
CCA01-02,CCA0218,CCA0218,Y
CCA01-02,CCA0466,CCA0466,Y
CCA01-02,CCA0525,CCA0525,Y
CCA01-02,CCA0572,CCA0572,Y
CCA01-02,CCA0650,CCA0650,Y
CCA01-02,CCA0672,CCA0672,Y
CCA01-02,CCA0677,CCA0677,Y
CCA01-02,CCA0681,CCA0681,Y
CCA01-02,CCA0684,CCA0684,Y
CCA01-02,CCA0687,CCA0687,Y
CCA01-02,CCA0691,CCA0691,Y
CCA01-02,CCA0704,CCA0704,Y
CCA01-02,CCA0704rep,CCA0704,Y
CCA01-02,CCA0705,CCA0705,Y
CCA01-02,CCA0706,CCA0706,Y
CCA01-02,CCA0708,CCA0708,Y
CCA01-02,CCA0724,CCA0724,Y
CCA01-02,CCA0728,CCA0728,Y
CCA01-02,CCA0733,CCA0733,Y
CCA01-02,CCA0743,CCA0743,Y
CCA01-02,CCA0754,CCA0754,N
CCA01-02,CCA0716,CCA0716,N
CCA01-02,CCA0751,CCA0751,Y
CCA01-02,CCA0755,CCA0755,Y
CCA01-02,CCA0768,CCA0768,Y
CCA01-02,CCA0790,CCA0790,Y
CCA01-02,CCA0807,CCA0807,Y
CCA01-02,CCA0808,CCA0808,Y
CCA01-02,CCA0819,CCA0819,Y
CCA01-02,CCA0848,CCA0848,Y
CCA01-02,CCA0920,CCA0920,Y
CCA01-02,CCA0931,CCA0931,Y
CCA01-02,CCA0933,CCA0933,Y
CCA01-02,CCA0941,CCA0941,Y
CCA01-02,CCA0951,CCA0951,Y
CCA01-02,CCA0971,CCA0971,Y
CCA01-02,CCA1085,CCA1085,Y
CCA01-02,CCA1297,CCA1297,Y
CCA01-02,CCA1300,CCA1300,Y
CCA01-02,CCA1377,CCA1377,Y
CCA01-02,CCA3005,CCA3005,Y
CCA01-02,CCA2917,CCA2917,Y
CCA01-02,CCA1505,CCA1505,Y
CCA01-02,CCA6869,CCA6869,Y
CCA01-02,CCA1504,CCA1504,Y
CCA01-02,CCA1478,CCA1478,Y
CCA01-02,CCA1366,CCA1366,Y
CCA01-02,CCA1543,CCA1543,Y
CCA01-02,CCA6871,CCA6871,Y
CCA01-02,CCA1507,CCA1507,Y
CCA01-02,CCA6870,CCA6870,Y
CCA01-02,CCA2857,CCA2857,Y
CCA01-02,CCA1680,CCA1680,Y
CCA01-02,CCA1657,CCA1657,Y
CCA01-02,CCA1506,CCA1506,Y
CCA01-02,CCA3471,CCA3471,Y
CCA01-02,CCA3107,CCA3107,Y
CCA01-02,CCA3130,CCA3130,Y
CCA01-02,CCA3147,CCA3147,Y
CCA01-02,CCA3217,CCA3217,Y
CCA01-02,CCA3035,CCA3035,Y
CCA01-02,CCA3216,CCA3216,Y
CCA01-02,CCA3062,CCA3062,Y
CCA01-02,CCA3271,CCA3271,Y
CCA01-02,CCA3051,CCA3051,Y
CCA01-02,CCA3092,CCA3092,Y
CCA01-02,CCA3041,CCA3041,Y
CCA01-02,CCA3322,CCA3322,Y
CCA01-02,CCA3841,CCA3841,Y
CCA01-02,CCA3899,CCA3899,Y
CCA01-02,CCA3837,CCA3837,Y
CCA01-02,CCA3821,CCA3821,Y
CCA01-02,CCA3893,CCA3893,Y
CCA01-02,CCA3711,CCA3711,Y
CCA01-02,CCA3887,CCA3887,Y
CCA01-02,CCA4821,CCA4821,Y
CCA01-02,CCA4706,CCA4706,Y
CCA01-02,CCA5976,CCA5976,Y
CCA01-02,CCA4877,CCA4877,Y
CCA01-02,CCA5060,CCA5060,Y
CCA01-02,CCA5946,CCA5946,Y
CCA01-02,CCA5918,CCA5918,Y
CCA01-02,CCA5597,CCA5597,Y
CCA01-02,CCA5568,CCA5568,Y
CCA01-02,CCA4960,CCA4960,Y
CCA01-02,CCA5319,CCA5319,Y
CCA01-02,CCA5180,CCA5180,Y
CCA01-02,CCA0455,CCA0455,Y
CCA01-02,CCA0431,CCA0431,Y
CCA01-02,CCA0405,CCA0405,Y
CCA01-02,CCA0390,CCA0390,Y
CCA01-02,CCA0375,CCA0375,Y
CCA01-02,EmelCSIRO-rep2,EmelCSIRO,Y
CCA01-02,CCA0278,CCA0278,Y
CCA01-02,CCA0266,CCA0266,Y
CCA01-02,CCA0248,CCA0248,Y
CCA01-02,CCA0175,CCA0175,Y
CCA01-02,CCA0124,CCA0124,Y
CCA01-02,CCA0003,CCA0003,Y
CCA01-02,CCA0016,CCA0016,Y
CCA01-02,CCA0037,CCA0037,Y
CCA01-02,CCA0038,CCA0038,Y
CCA01-02,CCA0758,CCA0758,Y
CCA01-02,CCA0904,CCA0904,Y
CCA01-02,CCA0937,CCA0937,Y
CCA01-02,CCA0866,CCA0866,Y
CCA01-02,CCA0837,CCA0837,Y
CCA01-02,CCA0831,CCA0831,Y
CCA01-02,CCA0761,CCA0761,Y
CCA01-02,CCA0965,CCA0965,Y
CCA01-02,CCA0615,CCA0615,Y
CCA01-02,CCA0813,CCA0813,Y
CCA01-02,CCA0575,CCA0575,Y
CCA01-02,CCA0800,CCA0800,Y
CCA01-02,CCA0744,CCA0744,Y
CCA01-02,CCA0773,CCA0773,Y
CCA01-02,CCA0736,CCA0736,Y
CCA01-02,CCA0700,CCA0700,Y
CCA01-02,CCA0671,CCA0671,Y
CCA01-02,CCA0695,CCA0695,Y
CCA01-02,CCA0964,CCA0964,Y
CCA01-02,CCA1037,CCA1037,Y
CCA01-02,CCA1111,CCA1111,Y
CCA01-02,CCA1122,CCA1122,Y
CCA01-02,CCA1135,CCA1135,Y
CCA01-02,CCA1192,CCA1192,Y
CCA01-02,CCA1212,CCA1212,Y
CCA01-02,CCA1266,CCA1266,Y
CCA01-02,CCA1256,CCA1256,Y
CCA01-02,CCA1302,CCA1302,Y
CCA01-02,CCA1370,CCA1370,Y
CCA01-02,CCA1413,CCA1413,Y
CCA01-02,CCA1439,CCA1439,Y
CCA01-02,CCA1474,CCA1474,Y
CCA01-02,CCA1564,CCA1564,Y
CCA01-02,CCA1594,CCA1594,Y
CCA01-02,CCA2829,CCA2829,Y
CCA01-02,CCA1655,CCA1655,Y
CCA01-02,CCA1654,CCA1654,Y
CCA01-02,CCA1650,CCA1650,Y
CCA01-02,CCA1644,CCA1644,Y
CCA01-02,CCA1660,CCA1660,Y
CCA01-02,CCA2812,CCA2812,Y
CCA01-02,CCA3263,CCA3263,Y
CCA01-02,CCA3261,CCA3261,Y
CCA01-02,CCA3250,CCA3250,Y
CCA01-02,CCA3248,CCA3248,Y
CCA01-02,CCA3247,CCA3247,Y
CCA01-02,CCA3176,CCA3176,Y
CCA01-02,CCA3011,CCA3011,Y
CCA01-02,CCA3012,CCA3012,Y
CCA01-02,CCA2909,CCA2909,Y
CCA01-02,CCA3464,CCA3464,Y
CCA01-02,CCA3451,CCA3451,Y
CCA01-02,CCA6041,CCA6041,Y
CCA01-02,CCA6033,CCA6033,Y
CCA01-02,CCA5922,CCA5922,Y
CCA01-02,CCA5926,CCA5926,Y
CCA01-02,CCA5615,CCA5615,Y
CCA01-02,CCA5616,CCA5616,Y
CCA01-02,CCA5558,CCA5558,Y
CCA01-02,CCA5430,CCA5430,Y
CCA01-02,CCA5408,CCA5408,Y
CCA01-02,CCA4957,CCA4957,Y
CCA01-02,CCA4957rep2,CCA4957,Y
CCA01-02,CCA4939,CCA4939,Y
CCA01-02,CCA4776,CCA4776,Y
CCA01-02,CCA4913,CCA4913,Y
CCA01-02,CCA4770,CCA4770,Y
CCA01-02,CCA4557,CCA4557,Y
CCA01-02,CCA3997,CCA3997,Y
CCA01-02,CCA3916,CCA3916,Y
CCA01-02,CCA3651,CCA3651,Y
